75.25,51.64,76.31,51.10,181.92,2163.38,1437.87,198.26
64.90,53.13,75.63,50.89,180.03,2141.36,1454.54,193.51
64.55,51.04,76.26,50.95,181.29,2150.42,1465.16,193.35
66.42,51.74,75.69,50.06,180.17,2140.06,1478.02,191.84
86.94,58.63,87.54,58.77,283.31,1834.07,1183.58,250.28
100.02,60.89,86.72,60.76,280.48,1832.55,1181.75,246.11
97.75,58.74,87.43,57.89,276.54,1827.43,1164.44,245.32
97.75,59.41,85.61,60.44,273.70,1804.20,1173.43,246.53
97.46,56.61,85.77,57.62,278.03,1821.11,1173.36,251.43
98.11,58.80,85.36,58.95,279.64,1809.69,1169.40,246.79
97.56,59.71,85.00,57.76,274.14,1804.92,1168.22,246.11
99.92,58.77,84.76,59.69,275.29,1807.67,1160.45,250.29
97.53,59.26,86.74,58.40,278.96,1804.56,1171.81,248.07
86.28,59.16,87.56,56.90,274.81,1796.75,1164.39,247.43
98.90,58.61,86.30,60.85,274.33,1775.04,1161.39,245.91
96.89,58.82,86.71,59.75,267.98,1777.52,1156.73,241.65
87.32,57.40,85.51,55.82,144.64,905.20,693.95,172.84
84.25,55.96,82.75,59.00,141.42,907.13,703.54,174.94
84.38,57.79,85.20,56.66,142.61,903.50,701.53,173.11
84.06,57.02,84.44,57.61,145.76,899.09,703.64,171.54
85.55,57.72,85.19,57.75,145.54,909.62,700.73,174.70
84.86,55.34,84.57,55.94,140.16,893.50,699.58,175.52
85.02,55.49,83.76,55.46,140.69,905.11,697.18,170.52
78.12,52.19,77.22,52.49,155.88,562.97,453.55,115.91
73.54,53.23,76.56,51.04,153.56,560.66,443.13,112.89
75.50,52.20,78.56,51.86,156.05,565.13,449.26,115.67
74.81,52.84,78.81,51.14,156.51,569.65,449.92,115.68
74.40,53.64,79.44,50.75,156.89,559.74,448.13,115.54
83.87,55.46,83.44,52.92,131.68,668.78,522.97,128.27
81.11,56.09,83.85,54.38,131.17,662.14,524.92,129.93
80.44,55.09,81.35,53.90,130.52,660.27,528.10,131.67
82.83,55.82,83.76,53.43,133.82,670.35,529.15,132.93
79.71,55.30,83.13,55.09,131.94,670.42,522.85,132.10
82.21,54.26,82.33,54.26,133.63,675.09,527.63,128.40
79.93,52.56,84.22,53.47,134.05,677.47,517.71,129.90
79.11,54.91,83.09,55.52,131.72,661.77,521.49,132.26
82.02,54.08,81.67,54.67,413.94,2988.62,2303.91,504.64
81.20,51.84,81.79,53.86,406.92,2984.90,2307.60,503.56
81.93,55.89,81.54,54.57,406.25,2985.15,2300.07,506.79
75.37,49.25,75.46,50.09,347.22,2117.00,1489.65,290.57
65.73,50.37,76.26,50.99,343.54,2108.82,1493.46,286.52
66.86,52.19,76.38,50.45,343.85,2115.65,1511.81,289.10
66.13,50.68,75.62,49.97,342.63,2116.64,1512.34,287.50
67.05,50.17,74.68,50.09,345.97,2109.28,1509.67,289.34
74.79,53.31,74.70,49.31,347.19,2119.74,1501.24,291.39
66.73,51.01,76.46,52.59,343.10,2113.70,1513.73,288.74
67.01,50.89,75.39,51.25,342.76,2110.10,1504.81,291.07
66.79,52.26,75.30,50.59,342.63,2115.81,1510.42,289.62
66.99,51.15,75.81,48.96,340.82,2119.44,1505.89,288.84
67.09,51.24,74.51,50.30,345.53,2107.94,1508.34,288.95
66.10,52.41,74.42,51.37,342.16,2100.35,1509.60,289.31
66.68,51.54,75.81,50.98,342.91,2107.64,1491.14,286.95
74.01,49.11,73.10,48.86,214.31,1774.76,1267.77,229.85
67.86,47.98,73.44,47.48,212.93,1750.01,1270.41,232.52
68.44,47.83,72.88,50.85,215.51,1748.15,1275.43,230.05
74.10,48.76,75.09,47.90,219.83,1755.64,1281.38,229.88
70.65,49.16,73.09,48.72,219.37,1752.73,1278.43,231.34
68.94,48.32,72.56,48.72,212.32,1753.22,1259.93,228.10
73.12,47.81,71.31,48.17,217.53,1756.77,1279.62,229.71
70.76,48.78,74.16,48.44,214.71,1737.77,1281.23,227.62
69.53,48.27,73.12,48.79,212.00,1745.03,1268.59,228.61
70.64,47.36,73.85,48.63,211.67,1747.06,1275.43,228.34
70.05,49.48,71.88,47.26,211.28,1748.02,1269.01,225.10
74.48,49.93,74.61,48.50,362.77,1912.33,1449.56,269.08
71.15,49.67,75.22,46.51,360.66,1896.53,1454.80,274.12
71.84,51.54,74.64,48.62,363.21,1902.59,1464.07,272.40
71.28,50.01,76.92,46.98,360.39,1902.09,1455.21,270.70
72.09,47.96,74.83,47.05,355.20,1902.54,1459.78,271.02
72.53,48.32,74.33,47.74,361.24,1896.90,1465.73,268.99
70.67,47.78,75.88,49.18,363.01,1903.53,1460.73,269.39
72.02,48.78,75.06,48.62,361.88,1903.75,1458.33,271.29
75.02,50.16,74.87,47.44,359.74,1899.14,1447.04,266.17
70.80,47.68,74.83,47.62,354.34,1883.03,1437.37,266.63
71.74,48.30,75.11,49.76,356.87,1880.63,1441.04,265.73
71.43,48.26,76.00,48.43,358.88,1880.12,1437.75,264.67
75.61,47.32,76.02,48.62,364.40,1896.08,1432.11,266.32
71.99,48.92,75.59,49.80,352.80,1882.72,1441.32,269.19
75.37,48.80,74.59,50.14,358.28,1893.75,1429.12,264.90
72.16,48.23,74.77,47.94,354.92,1875.47,1428.14,267.58
70.68,49.04,75.36,47.72,356.45,1885.58,1438.58,264.01
76.44,49.54,74.71,52.15,339.75,2127.14,1486.47,283.15
66.76,50.06,75.56,50.85,336.11,2104.69,1487.70,283.16
67.27,50.75,76.51,51.34,343.57,2121.02,1478.74,281.64
67.07,51.84,75.36,51.99,339.58,2114.15,1483.28,283.45
75.88,51.07,76.67,51.40,342.16,2137.57,1495.99,283.91
67.78,52.42,77.20,51.95,346.60,2121.53,1496.77,280.79
65.69,51.50,76.40,51.01,347.06,2115.30,1493.72,284.13
67.15,51.18,74.95,50.99,342.44,2110.06,1495.82,284.37
66.80,52.58,76.43,51.40,343.03,2102.21,1484.40,282.14
74.59,49.71,73.28,49.50,209.90,1750.49,1263.21,212.93
69.25,47.49,74.01,49.68,205.55,1745.57,1262.22,209.79
68.03,47.16,73.88,48.89,207.69,1743.92,1261.88,212.42
73.14,47.11,73.70,49.01,269.95,2432.30,1747.31,291.47
68.15,48.43,74.33,48.07,268.12,2433.21,1745.91,289.73
68.33,48.26,73.22,46.99,274.49,2410.85,1755.24,286.49
70.92,46.30,70.82,46.62,150.47,2340.92,1749.73,277.26
66.27,47.25,71.05,46.86,145.92,2323.92,1750.11,280.12
67.07,46.69,70.83,46.38,145.68,2330.88,1745.72,277.19
72.22,47.59,72.08,49.37,140.73,2341.75,1746.19,295.16
67.77,46.57,72.35,46.31,142.18,2338.94,1763.47,290.75
67.80,48.13,71.83,47.49,142.53,2338.40,1762.24,292.90
67.56,47.64,72.95,48.60,155.63,2327.42,1763.34,294.64
67.94,48.89,71.96,47.49,143.12,2339.87,1745.89,294.10
72.37,47.75,73.20,47.96,139.34,2324.77,1758.27,291.29
68.03,48.92,71.68,46.99,138.87,2320.84,1760.09,295.31
67.61,46.76,72.88,47.45,147.22,2326.33,1759.91,290.62
70.74,46.76,70.08,46.75,246.74,2846.80,1878.95,426.64
64.25,45.94,71.02,46.07,241.56,2838.11,1888.22,425.17
63.11,46.62,71.11,44.12,240.90,2841.22,1885.76,428.42
62.82,46.15,69.78,47.09,242.57,2848.24,1881.33,425.97
69.69,44.60,70.60,46.70,244.85,2860.57,1870.39,426.63
64.14,44.64,71.23,47.47,245.00,2848.42,1873.22,426.43
63.45,45.97,70.08,47.42,244.97,2842.89,1886.78,428.29
63.04,45.26,69.57,46.63,244.05,2843.47,1876.03,426.02
63.68,48.27,69.16,46.10,247.48,2849.99,1879.43,425.30
71.36,45.55,71.84,45.91,246.30,2876.31,1864.77,429.65
63.01,46.47,70.76,45.10,243.30,2850.66,1872.24,428.04
66.58,45.87,70.99,45.66,243.36,2845.90,1889.32,427.32
65.07,45.33,70.74,46.99,243.77,2863.32,1870.33,426.95
69.01,46.83,68.71,44.96,243.21,2855.60,1885.17,427.88
64.53,46.93,70.54,45.55,244.27,2866.30,1888.42,424.51
63.01,43.62,66.25,42.97,298.16,2240.10,1495.02,437.99
64.43,41.66,66.83,43.73,296.71,2242.77,1498.58,442.20
62.10,41.21,66.79,43.30,297.13,2244.22,1507.55,439.39
63.48,43.14,66.79,41.65,298.33,2240.89,1504.37,440.30
63.62,44.40,66.85,41.59,296.67,2245.30,1498.98,440.39
63.34,43.60,66.25,42.64,296.86,2244.81,1495.89,438.89
66.99,43.17,67.05,42.80,298.88,2250.69,1508.38,440.56
62.89,42.14,67.46,43.12,297.31,2239.74,1507.36,438.50
63.81,43.42,67.08,44.94,295.84,2242.94,1501.16,439.92
75.28,49.19,75.72,51.25,381.55,2015.61,1536.48,276.21
72.05,51.44,76.56,47.83,374.35,2004.66,1525.01,275.01
72.21,49.53,75.77,49.27,375.99,2014.52,1543.73,278.03
73.36,49.96,75.14,49.44,378.75,2010.84,1538.30,278.74
75.74,51.44,76.35,49.61,384.48,2013.70,1546.48,280.96
74.32,50.62,74.70,48.79,382.62,2004.52,1542.47,277.26
71.97,49.61,75.93,50.16,383.49,2017.32,1542.62,278.02
65.31,39.25,64.94,42.84,164.43,381.89,238.58,64.39
63.20,40.55,63.39,40.72,164.30,378.19,241.02,65.20
63.29,39.76,64.15,40.02,162.66,377.21,239.76,64.97
65.51,40.35,64.24,39.51,208.31,1860.52,1217.13,320.07
58.69,41.56,61.18,42.29,207.54,1850.98,1218.24,319.69
58.89,40.57,64.79,39.86,206.50,1856.75,1215.93,320.18
64.87,41.52,64.02,43.30,206.01,1800.44,1173.51,314.68
59.61,41.83,64.44,40.35,205.99,1797.99,1174.65,314.74
57.57,39.79,65.75,40.41,205.52,1793.06,1175.15,312.97
63.59,40.95,60.47,41.82,176.01,2080.44,1268.49,291.96
56.83,40.75,60.27,43.03,208.89,2011.94,1160.98,304.35
61.40,38.74,62.67,36.33,101.97,571.70,425.53,114.21
60.50,39.50,60.52,37.28,102.78,567.03,427.20,113.58
60.42,40.82,62.00,41.76,102.43,567.86,426.00,114.76
65.31,41.62,64.96,41.42,210.14,1859.90,1207.24,320.66
57.98,41.14,64.71,41.30,208.45,1843.06,1198.58,319.75
58.16,41.40,64.79,40.34,207.54,1848.58,1207.56,319.16
68.38,46.44,68.50,43.30,284.68,2828.14,1750.62,480.60
62.11,44.73,68.65,43.30,282.10,2808.41,1742.82,479.57
64.31,42.12,69.00,44.63,281.80,2805.48,1754.10,477.51
59.55,37.17,60.80,36.59,103.10,571.68,428.08,115.76
60.21,35.77,61.25,39.07,102.82,576.79,428.75,116.71
65.69,40.39,65.01,40.29,223.98,838.81,645.71,250.72
64.53,40.31,65.82,41.52,221.88,829.96,646.67,251.99
63.37,42.63,65.88,43.53,223.03,830.66,647.91,250.75
65.85,42.90,64.37,41.08,225.87,844.22,655.26,254.92
65.97,42.22,63.32,39.85,223.64,843.99,655.11,254.05
63.70,40.21,65.31,40.21,223.98,840.22,651.20,254.31
65.82,41.69,65.29,41.27,207.35,1865.63,1207.61,320.54
57.50,40.41,65.86,43.27,205.04,1847.97,1212.82,320.01
70.00,45.33,68.35,44.34,280.77,2824.30,1755.21,482.36
64.65,43.55,69.70,43.03,277.09,2819.62,1762.40,478.82
66.07,42.99,67.43,41.04,140.62,1068.74,831.41,265.85
63.56,41.85,67.58,41.01,139.65,1053.30,833.11,265.00
64.28,39.80,65.98,42.58,139.22,1063.18,830.62,264.32
63.40,42.11,65.54,41.93,224.37,840.90,653.52,254.66
63.36,40.10,64.58,41.62,222.02,841.47,655.13,254.28
64.19,41.24,66.86,42.97,245.57,978.34,729.63,295.51
62.99,40.64,64.93,42.50,243.95,970.51,724.40,293.79
66.67,41.92,65.18,42.45,245.57,982.56,733.03,296.63
62.32,42.18,64.40,41.99,243.24,978.65,729.86,296.01
63.54,42.99,64.87,42.64,243.99,979.65,727.37,295.39
61.26,38.19,62.71,39.27,100.89,569.10,431.24,113.32
58.48,39.33,58.47,38.91,100.67,571.64,429.53,113.71
64.68,42.91,65.00,41.33,245.57,979.35,729.01,295.84
63.83,43.55,66.90,43.85,243.07,979.90,729.23,293.79
64.96,41.23,66.99,43.04,242.85,975.81,729.47,295.91
66.04,40.38,67.07,41.34,241.53,972.70,728.00,293.74
62.67,43.10,66.01,41.13,244.52,977.80,729.06,294.10
64.71,43.26,66.29,41.44,244.71,971.85,724.03,293.33
62.03,43.20,65.79,41.46,245.45,972.34,727.37,293.52
62.20,42.42,65.07,42.35,244.12,973.13,726.76,293.27
62.10,41.79,64.47,41.10,243.33,969.04,727.23,293.25
63.14,42.61,66.55,41.34,243.26,964.23,725.60,292.89
64.18,39.98,65.00,41.85,244.08,967.31,724.81,293.06
62.41,42.11,64.97,42.14,243.71,969.34,728.30,291.91
63.83,41.30,65.95,42.41,243.86,967.81,723.90,291.99
61.43,43.19,64.97,43.39,242.55,973.01,728.49,292.70
62.69,41.59,66.55,43.58,244.06,969.10,723.80,292.18
63.55,43.06,66.58,41.37,244.08,969.89,724.43,294.17
61.88,41.40,66.39,41.73,243.71,970.36,725.40,292.90
62.11,41.36,66.38,42.18,243.27,974.97,723.26,292.45
62.16,41.06,66.54,42.63,244.96,973.27,723.77,294.69
62.26,42.12,66.30,40.68,243.33,976.74,723.10,294.89
64.08,42.63,66.16,44.51,243.92,969.95,727.07,292.83
59.02,43.37,60.71,41.24,62.76,82.64,90.47,42.71
61.79,38.40,58.19,38.39,62.57,82.50,90.99,42.97
66.80,40.91,65.67,44.12,243.73,975.66,723.54,292.40
61.81,41.95,64.50,41.56,243.30,968.38,721.44,292.42
64.75,40.57,63.58,42.78,201.54,529.33,303.17,80.36
62.54,41.53,64.97,41.31,199.71,528.31,301.59,80.15
63.37,39.73,63.89,38.87,353.08,1048.91,560.45,132.23
62.58,40.81,64.47,41.98,350.67,1045.63,561.00,129.93
62.74,40.57,63.43,40.25,351.57,1039.03,559.77,129.96
63.70,39.67,64.78,40.49,354.57,1041.81,561.92,129.50
63.21,41.20,64.53,40.31,351.92,1042.31,561.73,129.81
64.22,41.78,64.40,39.67,344.77,1032.96,542.93,127.97
62.86,41.86,64.59,41.39,341.67,1023.33,541.03,129.48
62.29,39.80,64.81,41.65,344.14,1019.90,541.46,130.28
63.64,42.21,64.37,39.05,347.58,1027.58,543.13,130.43
62.50,42.34,65.21,40.31,344.11,1021.02,539.27,131.13
58.28,41.06,56.65,39.54,75.65,288.06,209.86,74.79
60.74,36.60,58.50,37.90,79.14,314.48,222.02,78.26
59.81,38.85,57.08,35.90,79.14,315.46,221.91,78.19
58.69,36.75,59.35,41.91,80.09,318.50,223.51,78.77
59.35,37.21,60.42,41.66,80.06,316.83,223.57,79.14
60.00,38.10,58.20,39.56,79.82,316.29,223.39,78.91
63.62,38.82,63.12,38.82,156.11,1622.82,1091.87,266.01
56.74,38.03,62.77,40.68,152.54,1619.10,1088.97,264.08
62.66,39.70,62.89,39.79,158.44,1625.01,1086.99,263.95
56.91,39.37,63.71,38.84,157.05,1628.37,1095.27,262.45
58.39,39.34,61.13,40.09,155.83,1611.40,1095.44,260.92
57.84,38.51,60.90,38.78,158.74,1617.43,1094.86,262.19
66.85,43.92,66.33,41.92,263.11,1031.67,764.33,308.92
54.92,41.73,65.47,41.30,261.22,1031.24,762.75,308.40
53.54,41.75,64.17,42.41,259.87,1029.56,767.98,308.26
65.70,41.67,66.25,42.74,262.67,1033.83,763.16,309.98
53.66,42.80,65.97,39.98,260.42,1032.40,764.95,308.41
53.53,39.98,66.00,42.05,259.43,1027.88,766.88,308.17
66.93,42.28,66.05,42.76,259.78,1027.43,760.21,308.23
53.94,43.04,66.44,41.67,258.20,1018.56,760.58,305.96
53.46,41.11,65.47,41.43,259.91,1021.51,761.31,305.00
64.15,42.37,61.76,38.75,124.58,362.96,307.87,120.75
62.17,41.62,63.83,43.29,123.90,359.35,306.58,120.35
60.63,38.98,66.48,40.22,123.61,361.10,306.04,120.87
59.86,40.85,64.75,39.28,123.39,361.75,305.72,120.38
60.08,38.59,64.78,40.00,123.73,360.33,306.96,119.90
67.87,43.03,68.16,44.70,191.05,1719.93,1088.50,298.72
60.15,43.22,68.00,43.33,189.75,1717.59,1088.46,299.30
59.04,43.13,66.36,42.61,189.51,1707.36,1093.54,297.87
61.70,45.07,67.46,44.50,189.82,1703.20,1094.65,297.67
68.47,43.85,69.07,44.05,191.28,1718.38,1097.36,300.97
59.81,42.65,67.37,44.18,190.26,1718.81,1093.07,298.43
63.14,33.31,62.98,41.24,88.76,182.46,177.15,70.64
62.38,37.73,64.60,40.13,87.72,181.19,177.28,69.99
60.47,34.14,59.39,39.46,87.34,181.22,177.41,69.98
59.96,37.54,61.51,38.04,88.23,182.03,177.31,70.28
63.12,37.56,59.67,41.00,87.76,180.83,177.43,70.14
58.67,39.25,61.51,34.50,87.56,180.82,177.82,69.84
69.29,43.30,68.87,43.45,135.59,1234.60,861.76,196.16
62.99,43.40,68.53,42.41,132.57,1223.71,864.86,195.17
63.32,44.92,70.05,43.33,133.99,1223.14,859.96,196.30
68.84,44.77,69.82,45.13,139.90,1332.44,913.44,211.85
60.49,46.24,69.69,43.20,139.53,1327.85,910.00,212.09
70.33,45.85,68.59,44.83,141.64,1352.38,907.05,214.24
59.99,45.19,68.56,44.99,140.85,1330.92,910.24,210.82
60.71,45.22,70.64,46.73,139.21,1337.40,910.48,211.85
61.69,45.91,68.84,44.67,139.77,1341.88,909.12,211.03
70.30,45.46,68.96,45.23,140.42,1333.38,908.49,211.85
69.97,46.95,46.38,139.96,69.22,774.45,446.97,833.28
113.41,346.69,1106.64,70.39,868.53,37.84,68.82,211.98
39.64,70.26,135.84,415.02,735.49,70.74,824.51,210.08
40.22,70.51,44.07,135.87,69.38,733.43,439.06,824.59
112.78,343.43,1104.94,68.41,861.64,37.17,211.27,61.47
68.94,44.34,46.00,141.27,69.73,1009.66,474.15,141.38
899.26,1101.31,429.02,878.81,59.98,211.11,39.99,69.19
46.43,69.01,68.79,45.64,46.37,139.12,130.83,1310.02
45.00,69.58,44.58,139.31,1324.07,912.37,213.46,60.21
43.92,69.89,46.60,139.06,1328.25,909.58,211.47,59.52
44.66,70.60,45.59,140.47,1332.31,903.04,212.91,59.62
44.89,69.29,44.71,139.68,1339.85,905.35,214.11,60.17
44.07,70.62,44.90,139.18,1332.07,909.45,212.94,60.09
45.51,67.58,45.19,141.58,1333.60,904.74,210.48,58.96
1008.79,901.26,214.11,60.58,45.90,69.50,46.34,138.97
1335.64,900.27,211.04,59.05,43.98,68.19,44.76,141.03
1351.64,902.30,212.97,60.15,46.75,69.07,46.95,139.78
1343.38,911.43,212.18,60.36,45.94,70.82,46.86,138.27
70.73,46.56,70.76,46.93,202.23,2279.68,1514.68,345.36
64.62,39.96,65.16,39.11,234.56,890.45,694.38,265.01
65.64,42.29,64.99,41.47,232.45,883.07,689.58,266.11
65.22,40.06,66.44,41.29,231.92,884.99,692.38,264.85
66.23,40.21,66.10,42.19,234.35,878.33,683.65,263.23
64.47,39.87,64.25,41.50,233.74,875.74,686.64,262.49
64.62,42.63,66.19,38.77,231.98,873.88,686.96,262.75
64.47,41.50,63.15,41.93,233.21,881.65,686.39,263.41
64.91,40.12,65.26,41.56,231.80,876.94,683.94,261.83
64.65,41.40,64.17,41.03,232.86,876.50,685.26,263.07
65.03,40.34,62.99,41.72,234.64,875.11,689.07,263.89
63.54,39.34,64.96,41.42,231.39,875.11,682.56,262.23
66.35,42.63,65.63,42.12,259.85,1042.60,771.22,310.03
64.19,39.77,66.04,42.54,258.77,1036.49,771.83,309.34
64.18,41.55,66.07,42.86,258.32,1031.65,772.17,309.15
63.83,42.19,65.12,43.09,258.68,1036.33,775.30,310.20
64.50,40.64,66.26,43.04,258.01,1037.23,775.99,309.19
64.08,40.06,61.73,38.59,149.01,446.61,388.13,143.15
61.48,40.06,60.85,36.56,148.03,443.32,388.66,142.82
60.18,37.84,61.28,36.72,148.13,445.17,387.31,142.27
61.28,40.90,61.22,44.89,147.92,443.18,387.34,142.55
65.44,40.80,64.69,41.78,233.81,887.90,690.97,265.92
64.38,39.33,64.56,40.05,231.71,884.25,688.14,263.77
62.19,41.46,65.83,39.44,231.04,881.78,689.01,265.13
65.45,40.65,64.56,40.62,231.25,881.00,687.50,265.98
64.96,40.81,64.63,41.59,232.33,883.23,690.30,265.98
64.78,41.26,65.70,42.34,132.79,405.60,332.36,133.79
63.43,40.84,65.62,41.16,132.28,401.49,333.83,132.97
64.27,41.53,64.19,41.33,131.86,402.79,333.55,132.65
64.38,41.56,63.80,43.13,132.08,402.43,334.84,133.55
58.85,37.25,63.86,40.10,94.50,212.52,200.50,78.55
61.34,41.06,63.64,39.67,93.58,213.04,200.59,78.98
64.77,42.12,62.16,40.64,94.19,210.58,199.49,79.39
64.28,35.61,59.86,42.64,93.90,211.16,201.68,78.94
64.27,40.10,65.04,43.26,234.09,884.08,690.40,264.09
63.14,40.90,63.67,44.34,232.56,883.10,689.52,263.63
62.85,42.45,65.89,40.78,232.48,879.89,691.13,263.24
61.75,37.31,62.20,44.48,148.89,448.77,389.67,143.47
60.05,41.56,61.53,40.72,147.79,451.16,392.38,142.50
61.98,37.07,62.92,44.11,147.35,449.17,391.32,142.16
61.06,40.52,62.61,36.45,147.38,448.71,392.83,142.43
65.92,42.78,64.62,42.60,234.70,880.21,685.67,263.93
63.11,39.36,64.11,40.98,233.31,874.65,683.13,263.44
64.08,41.46,64.22,42.08,233.06,876.79,688.91,263.43
63.73,40.59,66.55,41.78,233.43,875.19,687.68,262.23
65.54,40.13,64.94,41.42,221.12,2005.20,1292.11,346.38
55.07,41.11,63.51,39.98,220.74,2005.35,1300.71,345.45
67.08,42.16,67.58,44.53,313.64,2352.40,1570.73,458.25
66.41,42.60,66.77,41.79,314.16,2350.99,1584.80,458.12
64.78,41.80,66.82,45.03,310.49,2342.65,1568.57,457.74
65.06,40.35,65.56,42.18,233.35,879.08,682.04,261.47
64.30,42.11,64.90,39.54,230.54,871.49,685.00,260.88
64.15,40.22,64.63,40.62,233.34,869.88,682.78,262.39
64.79,42.41,66.44,42.03,232.29,875.74,680.38,262.61
67.02,41.07,65.19,43.17,233.13,875.38,682.86,262.88
64.33,40.18,64.84,40.35,232.67,872.50,680.03,262.05
63.83,39.72,65.57,40.94,232.90,868.31,685.19,261.59
783.37,460.25,219.15,1659.91,63.87,41.44,68.97,43.20
843.65,450.68,216.80,1655.52,66.19,39.99,67.84,41.16
848.31,453.18,215.50,1637.30,65.12,41.98,69.89,43.66
308.30,142.49,91.73,498.85,60.65,36.59,65.59,43.37
341.46,141.51,91.21,488.04,58.17,32.47,57.97,41.93
345.52,140.11,92.74,496.35,61.12,38.13,60.31,34.80
325.54,139.15,90.91,493.75,59.81,33.22,59.43,37.71
331.28,138.93,91.48,467.97,57.00,33.54,64.49,40.80
380.91,125.84,87.35,424.99,61.15,40.02,62.04,43.14
391.82,126.06,87.95,424.97,59.16,35.12,57.91,37.44
394.11,125.18,87.92,422.54,61.48,41.91,58.79,34.05
407.52,125.00,88.83,419.15,64.06,37.45,63.12,39.36
686.14,209.59,117.87,748.80,60.84,40.70,64.43,38.72
707.76,208.61,117.59,745.41,61.54,40.08,62.38,39.63
729.09,206.42,118.91,750.80,59.99,41.67,64.52,40.45
731.65,205.74,119.13,745.63,62.39,35.48,62.19,37.61
518.63,63.02,148.64,393.87,66.88,35.15,59.64,34.37
526.66,62.20,144.34,390.82,61.87,36.60,61.78,37.79
517.08,59.35,147.38,391.60,63.67,39.98,60.78,39.85
514.25,61.90,145.23,388.76,58.76,32.96,64.30,41.44
513.89,62.27,150.68,388.23,60.05,36.13,62.74,39.02
532.39,62.37,148.92,389.32,63.61,38.55,60.11,41.69
838.28,87.41,225.40,673.19,61.62,41.04,65.19,39.02
850.92,88.52,225.83,663.08,64.52,36.99,63.01,40.54
851.81,88.78,227.89,666.50,64.30,36.68,62.74,43.89
866.09,88.52,223.96,665.08,62.73,39.31,63.10,38.88
869.40,80.78,222.06,657.10,63.89,34.26,64.30,44.33
872.92,85.38,219.47,662.82,64.56,38.33,63.80,38.16
844.31,87.15,218.08,667.64,65.92,37.86,63.14,39.08
857.60,85.39,220.68,663.67,63.61,38.62,65.35,40.82
1851.33,427.57,237.37,1803.64,65.06,41.44,65.10,41.49
1818.59,420.22,233.50,1754.23,66.79,44.73,64.56,42.71
1816.32,411.97,234.34,1735.88,65.15,44.45,66.30,39.82
192.97,119.37,135.72,167.35,58.07,45.71,60.22,38.26
192.97,118.84,135.24,167.57,61.37,29.63,60.37,37.79
193.51,120.35,134.98,166.95,58.85,38.35,59.76,40.65
196.40,118.84,134.89,167.08,55.01,44.77,64.34,41.07
252.97,60.34,70.79,199.56,60.40,31.59,57.46,39.82
252.49,59.77,69.32,199.57,57.50,33.18,58.12,36.65
252.73,59.36,69.13,199.13,58.16,33.51,63.42,37.64
254.10,60.49,69.51,202.31,59.64,41.67,63.99,37.41
255.65,58.31,70.17,199.85,58.76,28.03,58.89,42.76
254.16,59.62,70.20,199.86,60.08,27.69,60.08,41.95
2128.54,582.01,256.97,2168.51,76.62,49.74,75.56,50.40
2152.80,580.40,264.04,2158.20,76.00,49.84,75.31,49.97
2154.78,570.95,256.87,2174.84,75.18,49.53,74.26,50.48
2136.39,580.77,257.36,2181.82,75.77,50.62,75.21,49.77
2154.73,587.55,255.33,2181.33,77.17,51.08,75.28,50.19
2148.43,582.34,251.09,2163.53,75.87,50.50,75.56,50.76
2188.45,585.74,266.09,2184.73,75.11,49.84,75.21,50.82
1090.08,276.82,155.38,990.41,76.02,46.72,73.41,47.65
1103.25,275.76,149.65,988.84,72.88,47.48,72.84,47.52
1045.08,252.96,143.66,903.69,73.33,47.55,73.75,47.28
1060.76,252.12,143.41,905.43,73.32,48.08,73.66,47.61
1060.45,248.88,146.90,897.49,73.67,47.80,73.55,46.21
1060.00,252.29,144.34,913.67,73.45,47.74,72.95,47.49
1142.76,223.43,149.49,1028.60,72.71,45.51,75.28,47.18
1177.33,220.13,167.33,998.47,73.01,46.83,73.92,47.52
1172.96,208.39,146.86,1073.01,73.00,46.46,74.68,47.74
1154.86,228.66,158.08,963.43,73.66,49.24,72.98,48.32
1108.50,219.03,136.53,1014.01,75.03,48.83,72.85,47.48
1178.12,225.60,140.95,1057.87,72.08,47.39,74.05,47.83
1053.86,252.22,145.92,924.33,74.45,46.54,74.24,48.24
1139.90,252.83,147.53,910.57,75.39,46.80,72.97,47.88
1081.91,255.32,150.05,917.41,75.06,47.96,73.12,48.80
1085.07,253.71,146.65,916.74,73.70,47.05,72.75,46.15
579.97,145.90,103.12,490.43,74.87,46.10,73.72,47.26
579.41,147.55,102.27,490.51,73.76,47.23,73.91,49.67
577.97,146.84,103.42,495.93,73.98,48.59,74.39,47.87
576.58,148.55,103.82,498.98,75.28,49.24,72.54,47.21
584.02,146.87,103.13,493.39,72.94,46.67,72.29,48.29
581.77,146.64,102.75,487.39,74.62,45.33,74.05,46.92
583.80,146.16,102.98,493.28,72.85,46.60,74.08,47.87
576.36,144.75,103.58,501.63,73.61,48.91,72.82,48.57
589.19,146.74,105.24,499.10,74.55,47.68,73.31,48.06
589.38,146.21,102.27,487.17,74.40,47.80,72.78,45.94
586.21,147.45,102.47,484.39,71.50,45.74,73.47,46.47
587.28,149.58,103.92,488.71,74.81,48.56,72.75,46.38
583.60,148.47,105.22,494.49,71.80,47.05,73.32,47.83
582.65,148.35,102.95,487.43,73.70,46.67,75.14,46.56
590.44,147.86,104.29,488.16,73.42,47.94,73.96,50.17
589.58,146.98,103.39,491.91,75.37,45.48,74.51,46.95
579.50,147.46,104.30,491.48,73.14,47.77,72.79,47.11
580.01,145.66,103.06,491.20,72.65,47.29,73.96,46.76
578.91,147.46,103.09,489.25,73.23,46.83,73.54,48.34
596.74,147.10,103.45,491.09,73.85,46.53,73.03,47.32
579.12,148.96,103.13,488.09,73.35,46.72,73.00,46.90
579.66,147.04,102.68,490.15,74.83,47.26,73.48,48.88
1091.02,260.68,152.91,943.12,74.81,47.94,73.12,49.47
1108.13,264.44,154.68,937.52,74.48,47.29,71.71,48.59
1101.49,262.61,152.57,934.32,73.28,48.65,73.58,48.65
1261.47,319.74,170.40,1181.92,77.77,50.39,77.45,52.46
1272.40,316.96,169.60,1159.30,76.35,48.93,74.84,51.58
1280.57,323.80,174.44,1162.24,76.89,52.91,76.73,51.51
1289.76,313.04,174.28,1165.43,77.48,52.03,77.23,50.07
1293.56,321.98,171.71,1150.72,76.35,50.72,76.76,52.46
1289.05,313.25,174.95,1169.47,76.54,51.27,77.74,48.88
1295.50,317.95,170.13,1163.84,76.98,50.04,76.04,50.53
1252.58,320.84,170.98,1149.15,76.56,51.51,75.00,51.86
1271.86,315.44,170.86,1166.61,76.76,50.71,76.07,50.84
1261.09,317.43,173.09,1157.01,77.74,50.92,76.38,50.07
1261.09,313.83,169.43,1143.32,77.32,51.86,76.32,49.35
1268.88,317.07,168.18,1156.16,77.04,50.42,75.17,51.02
1276.73,316.28,170.09,1157.27,75.62,52.64,75.30,49.65
1283.71,318.76,170.95,1139.38,77.91,50.16,77.93,52.55
1277.03,311.14,166.26,1132.64,75.69,50.66,76.75,50.52
1277.58,316.36,167.19,1149.91,77.98,50.94,76.40,49.41
666.07,161.10,112.07,534.65,67.72,40.02,66.93,43.04
663.54,160.35,112.90,532.99,66.55,43.16,68.21,38.64
666.04,160.22,113.63,528.11,67.94,42.60,68.13,40.54
1077.22,267.71,152.82,940.42,73.69,48.79,73.00,47.93
1083.26,265.49,151.07,922.50,74.18,49.32,74.24,47.87
1083.97,267.10,151.88,945.83,74.24,46.96,74.73,48.33
1188.86,311.67,162.51,1125.37,76.16,49.32,74.86,51.73
1217.48,306.30,169.24,1111.09,75.43,51.80,75.96,49.64
1219.43,308.89,163.98,1119.29,78.21,51.70,74.61,51.11
1206.45,307.51,163.86,1102.48,77.22,51.69,75.53,50.36
1083.11,261.47,152.86,935.78,73.82,50.43,73.35,48.36
1088.31,257.74,151.13,934.41,74.76,46.80,74.90,49.42
1097.93,262.05,151.50,926.62,73.88,47.36,73.67,48.50
1096.76,264.60,156.04,921.36,73.98,48.73,75.27,50.13
1089.54,260.50,156.41,939.65,73.70,47.44,73.44,49.45
1101.42,259.37,151.92,935.85,75.17,45.97,74.36,48.68
1103.15,264.44,154.06,926.47,72.88,47.70,74.17,48.44
587.77,152.99,108.77,506.05,73.75,48.98,71.99,49.53
593.05,154.82,107.80,509.15,75.02,47.11,75.93,48.10
589.21,153.31,110.37,506.18,74.05,48.68,73.14,48.75
603.93,156.92,108.34,502.66,74.26,48.10,74.52,50.37
601.98,157.72,109.99,500.39,75.69,48.19,73.98,47.36
603.70,153.83,108.52,498.25,72.98,49.58,74.59,46.14
585.90,155.41,107.44,508.94,75.34,48.47,72.82,47.06
590.67,155.83,109.63,501.96,74.30,48.63,74.36,47.55
590.13,153.44,108.99,502.47,74.70,48.33,73.91,47.81
600.09,153.47,109.63,493.81,73.54,47.55,74.20,48.03
2144.90,550.07,256.41,2037.19,76.28,49.41,74.21,50.20
2167.97,546.55,251.42,2039.05,76.53,49.93,76.15,51.40
2160.39,553.81,254.55,2024.83,74.73,51.04,76.94,49.74
2211.44,538.88,261.74,2011.68,75.33,50.76,75.31,49.51
2166.82,545.08,258.67,2016.26,75.99,50.68,74.99,52.26
1961.62,458.13,234.79,1724.89,74.35,47.77,72.92,48.75
2000.63,451.12,236.87,1699.35,73.83,46.56,73.42,46.49
1993.20,462.71,239.77,1709.26,74.89,47.22,74.93,47.68
2037.44,456.32,242.04,1696.56,73.17,46.47,74.96,47.81
1930.19,462.28,231.49,1729.44,74.08,46.86,73.76,48.26
1963.16,460.58,236.14,1710.87,74.29,47.18,74.86,48.00
1992.22,458.79,236.06,1722.84,74.13,46.87,74.01,49.27
1963.77,465.71,230.64,1707.50,72.97,47.35,73.25,47.62
1966.16,463.59,230.15,1714.42,74.43,45.56,73.72,46.10
1991.06,455.31,237.22,1707.55,73.77,45.85,73.91,46.10
2006.58,452.69,242.67,1720.09,73.73,46.70,73.96,47.21
1954.08,468.59,233.96,1723.91,76.12,46.75,73.42,47.68
1989.91,465.85,236.55,1718.36,74.52,47.68,74.10,49.15
1995.50,467.47,241.02,1726.16,74.36,47.96,71.42,46.93
2298.96,576.92,264.37,2149.47,78.86,51.48,75.81,52.09
2350.64,560.68,273.92,2124.67,77.47,50.40,76.97,50.62
2383.03,575.60,267.81,2145.62,77.19,50.09,75.56,52.39
2349.20,559.94,278.43,2125.76,77.51,51.51,77.07,51.37
2358.48,573.63,268.33,2137.34,75.75,50.69,77.17,50.89
2363.11,574.52,276.25,2120.55,77.60,50.09,75.55,50.58
1772.69,280.89,178.66,1493.96,73.19,48.03,71.67,49.28
1781.84,272.63,168.07,1495.28,72.82,48.29,72.27,48.60
2074.31,547.76,340.65,1758.05,77.47,48.04,75.27,48.53
2114.95,552.45,346.62,1894.49,75.88,48.03,75.84,48.32
2119.22,547.91,347.58,1886.91,77.29,46.85,74.77,47.74
1994.87,527.81,328.85,1804.75,76.16,46.47,73.79,47.72
2003.56,528.42,328.20,1808.91,74.33,48.00,74.79,48.33
2046.38,528.77,334.38,1803.98,73.41,47.25,74.45,48.88
2043.55,525.83,324.98,1808.19,75.14,48.34,73.79,45.90
2071.18,555.65,361.62,1898.53,73.75,47.55,74.26,49.44
2089.68,550.94,361.19,1918.01,75.93,49.74,74.96,48.69
2095.70,552.47,362.36,1914.87,77.00,47.47,74.89,50.63
2129.29,548.91,364.02,1910.98,77.67,47.12,75.06,46.99
2140.95,552.00,365.37,1909.15,75.81,48.66,74.81,48.55
2140.01,555.43,360.56,1896.56,75.59,46.67,76.59,48.53
2086.43,556.60,362.95,1907.39,76.54,48.86,75.66,49.01
2093.16,553.19,362.08,1902.08,75.15,49.11,74.35,49.19
2093.03,549.97,366.08,1902.28,74.67,47.84,76.59,49.44
2908.14,548.45,407.53,1884.76,78.52,49.68,78.18,47.71
2852.71,550.55,408.54,1884.21,78.40,48.93,78.15,48.46
1755.96,298.98,251.48,1023.17,69.12,42.47,69.12,39.33
1721.86,300.02,251.09,1019.34,69.08,44.64,69.06,40.49
1722.17,300.17,251.27,1016.51,68.94,42.74,69.04,45.33
3150.04,570.44,421.36,1987.46,78.47,49.61,78.06,50.74
3079.85,571.35,421.11,1972.56,78.11,50.30,78.17,49.18
3077.70,569.52,421.42,1962.37,78.03,47.98,77.89,48.14
2007.50,467.34,235.63,1717.43,74.51,48.43,72.88,47.02
2023.13,466.00,239.80,1732.26,73.44,48.79,74.48,49.02
1963.85,464.84,241.28,1729.40,73.13,45.48,72.41,47.41
2334.10,564.09,269.83,2155.91,79.27,52.26,76.65,50.62
2361.58,572.80,272.14,2128.64,77.35,51.17,76.46,50.01
2352.57,565.85,275.00,2146.86,78.62,50.50,76.72,51.67
2362.02,565.85,279.44,2141.92,78.32,50.63,76.19,51.60
2366.59,576.20,266.01,2139.43,78.20,51.74,76.82,52.65
2325.87,577.24,263.33,2152.32,77.22,50.13,77.86,51.20
2320.68,580.47,262.74,2126.71,77.33,50.52,77.35,50.49
2318.06,567.16,269.65,2140.67,76.03,51.37,76.87,48.40
2177.86,549.43,256.56,2037.69,76.97,49.77,75.84,50.49
2207.32,542.86,263.37,2031.23,76.31,49.01,75.18,50.14
2151.68,553.76,262.78,2038.69,73.35,49.81,75.63,50.40
2170.26,536.52,267.38,2032.05,75.63,49.80,74.76,49.87
2141.62,553.49,251.49,2040.88,75.94,50.61,76.89,52.00
2183.94,552.47,258.59,1929.24,75.58,52.51,76.88,49.09
2196.95,541.39,259.55,2049.03,76.04,50.53,75.99,50.59
2204.55,546.44,266.33,2034.55,75.96,51.97,76.41,49.60
1960.61,455.05,230.38,1731.14,73.26,46.64,73.38,47.91
1977.50,451.91,232.55,1739.05,75.15,47.38,72.60,47.38
1960.52,452.23,237.72,1731.11,72.19,46.54,73.61,46.83
1997.54,457.17,230.53,1719.73,74.04,47.61,73.82,49.06
2018.09,455.97,235.05,1726.55,74.62,47.31,73.41,45.65
1992.82,464.43,230.38,1732.52,74.79,46.99,73.53,47.68
1978.61,465.52,231.64,1703.87,74.70,45.28,72.13,48.24
1961.30,465.06,232.68,1741.76,73.67,44.71,73.20,47.52
1986.27,452.69,227.35,1719.82,74.23,47.54,73.45,46.86
1967.39,461.72,234.38,1732.70,73.13,46.15,74.30,49.73
1942.11,461.91,233.56,1711.59,74.05,46.73,72.19,48.21
1842.19,455.58,238.41,1728.49,71.94,47.94,74.40,47.02
1986.08,456.85,241.16,1736.08,74.99,45.77,72.62,47.41
1994.68,463.86,232.78,1741.08,73.94,47.28,73.48,46.67
1964.93,457.44,233.13,1740.29,74.21,46.34,74.33,46.30
1979.52,460.15,233.56,1734.74,74.52,44.27,73.75,48.11
1992.94,463.13,238.53,1733.39,72.87,46.63,73.79,47.64
2002.83,461.82,235.33,1742.58,72.06,47.49,71.91,47.51
1991.09,457.50,233.24,1733.79,73.28,47.18,73.70,46.98
1994.38,458.84,235.55,1734.81,74.67,46.92,73.92,47.23
1995.31,460.88,234.85,1742.30,73.79,47.05,72.75,45.77
2024.59,458.82,234.41,1731.92,73.70,48.19,73.92,46.46
1999.21,447.10,237.19,1736.76,74.49,46.05,74.59,48.42
1974.82,456.97,240.02,1734.73,74.26,47.67,73.41,47.58
1969.62,463.42,235.64,1759.80,72.82,46.50,73.03,49.73
1943.72,468.47,231.83,1727.14,73.50,48.14,73.17,46.47
1957.29,461.30,233.21,1728.59,73.58,48.36,73.50,48.34
1979.62,458.17,231.41,1729.34,73.01,46.80,75.31,48.55
2009.27,451.77,237.69,1734.55,74.48,46.38,74.36,46.64
1982.67,450.81,228.01,1742.29,74.68,44.86,73.44,47.22
1939.06,453.82,234.07,1743.63,73.01,45.78,73.50,48.08
1963.42,463.22,229.50,1737.68,74.92,46.13,74.95,48.24
1964.70,455.24,230.26,1729.30,74.11,46.77,74.29,48.04
2003.72,460.05,229.91,1744.52,74.52,45.77,73.42,49.58
1990.07,455.64,240.12,1728.56,73.28,47.83,73.45,46.89
1999.94,467.35,233.21,1734.93,71.80,46.76,72.94,46.21
1907.63,446.64,226.70,1660.49,74.32,47.91,74.42,48.23
1926.83,446.35,223.06,1662.33,73.47,47.12,74.18,47.59
1885.89,445.93,226.00,1669.25,73.64,47.05,73.80,48.34
1970.00,462.61,239.51,1738.80,74.76,48.89,73.73,48.83
1974.25,469.80,240.55,1731.07,72.31,45.43,74.16,46.90
1999.37,469.21,236.45,1729.99,74.33,45.71,74.52,49.14
1764.66,283.00,163.83,1506.74,73.10,46.73,74.07,46.83
1807.99,286.30,178.66,1496.34,74.04,46.62,72.97,46.66
1777.34,289.30,180.44,1501.65,73.63,47.03,72.25,47.26
1812.12,284.06,170.92,1505.76,73.85,47.31,71.67,49.19
1792.09,110.33,501.73,1274.81,72.34,45.84,71.69,45.55
1781.46,111.58,483.52,1272.35,71.04,47.71,72.49,47.91
1788.83,112.53,494.70,1266.82,73.12,48.42,71.61,48.60
2170.38,568.44,373.22,1996.86,76.09,47.23,75.93,50.37
2183.28,572.01,374.46,1979.66,76.44,49.74,75.17,49.42
2181.04,572.36,374.42,2006.25,76.76,47.45,78.11,48.37
2235.61,574.39,379.40,1993.26,76.25,49.40,76.29,48.63
2079.01,470.79,239.24,1738.17,73.99,46.40,73.23,49.08
1996.38,465.64,236.15,1730.13,73.73,46.90,74.80,49.27
2012.95,463.48,236.56,1722.48,75.15,45.84,74.17,48.01
2000.47,460.34,241.76,1726.39,74.30,47.23,72.19,48.17
1997.00,459.20,241.65,1730.02,74.81,46.69,71.67,49.77
1951.25,463.85,236.49,1745.29,72.92,47.25,73.72,49.14
1969.88,462.05,234.53,1723.65,74.62,47.26,72.90,46.34
1963.22,467.55,237.09,1749.61,74.95,47.41,73.94,47.05
1989.92,461.47,242.32,1733.50,75.11,46.43,74.42,48.52
2009.27,459.90,240.50,1724.92,73.89,47.21,74.74,46.59
1976.62,467.93,237.65,1750.11,74.32,48.76,74.45,48.44
2022.76,459.59,241.98,1730.90,73.83,47.64,72.87,48.17
1995.81,460.31,241.47,1745.44,73.77,47.25,73.72,46.56
1998.04,460.21,242.06,1732.90,74.16,46.01,74.93,47.26
2011.59,460.13,243.42,1728.45,74.54,46.46,74.55,48.00
2004.64,462.84,235.02,1732.02,73.91,46.30,73.66,48.57
1103.16,263.14,153.68,950.14,73.72,47.36,73.83,48.33
1099.52,264.25,151.98,958.19,74.01,47.67,73.48,50.59
1081.35,265.39,153.08,945.77,73.25,47.84,74.10,49.45
1084.47,265.70,156.42,951.74,73.41,47.88,73.96,48.79
