1081.38,269.10,154.14,943.11,73.98,45.58,73.99,47.23
1114.88,262.36,159.15,942.40,74.05,47.67,73.73,48.86
1113.34,267.55,154.58,949.16,76.06,47.21,73.95,47.35
1099.65,262.22,156.16,950.59,74.59,47.57,73.36,49.64
1107.56,263.05,157.50,960.68,75.15,47.48,74.36,48.04
1106.43,264.83,157.11,939.71,73.14,47.11,74.35,48.07
1113.23,267.17,154.47,938.56,73.50,47.68,75.20,47.65
1112.98,265.50,157.96,949.59,74.43,48.76,73.39,49.70
1108.47,262.98,156.74,948.58,73.57,48.40,75.21,48.57
1125.81,268.67,155.32,949.74,74.23,48.24,73.96,47.08
1115.54,267.98,153.64,957.93,73.45,46.28,74.26,48.13
1119.70,264.12,157.71,952.70,74.21,48.83,74.74,47.21
1102.37,264.58,160.08,958.78,74.49,48.30,74.10,49.89
1112.28,269.91,156.22,958.00,73.07,47.15,73.54,47.35
1111.34,267.88,155.32,960.08,75.18,50.37,72.21,48.40
1116.07,266.55,156.86,958.75,74.86,47.11,73.69,47.65
1117.40,263.73,154.03,951.75,74.05,48.17,73.98,48.95
1110.94,263.60,158.27,952.59,74.58,47.90,74.13,48.63
1121.31,267.46,155.07,948.15,75.90,46.73,73.44,48.34
1103.74,262.52,157.31,948.71,72.65,48.70,74.26,49.99
1120.73,264.91,157.14,953.09,74.18,49.05,72.29,47.39
1109.39,265.79,156.20,947.23,74.80,47.42,72.32,47.84
1109.30,267.32,152.95,952.47,72.87,48.32,72.34,47.94
1116.07,262.84,153.39,958.09,74.11,47.58,75.15,47.98
1111.19,263.21,156.55,954.20,73.88,48.66,74.81,48.56
1109.02,267.43,155.91,945.01,73.48,47.06,74.42,48.00
1110.47,267.91,158.66,952.37,74.29,48.78,74.24,46.86
1115.72,267.42,155.67,951.65,74.20,47.31,74.04,48.21
1109.49,267.72,154.91,948.80,74.32,47.38,71.87,48.33
1109.43,266.96,154.75,953.08,73.94,46.80,73.22,48.06
1107.73,266.96,156.68,953.11,74.92,48.27,73.92,46.93
1110.20,264.31,156.93,947.19,73.60,48.26,73.80,48.29
1121.68,263.40,155.00,943.41,75.52,46.34,73.82,47.90
1112.45,267.06,158.41,943.72,73.76,48.34,73.35,48.59
1107.18,266.28,155.37,950.43,73.57,47.34,71.91,48.17
1114.28,265.96,152.41,955.47,74.43,47.25,73.75,48.99
1112.48,265.79,153.84,955.63,73.75,45.90,72.62,46.56
1106.91,268.00,153.34,949.53,72.69,47.74,74.07,47.77
1111.29,268.64,159.64,948.73,74.16,46.69,73.69,49.16
1109.70,266.71,155.82,947.86,73.39,48.72,74.30,47.68
1108.89,266.94,158.03,953.96,74.67,48.46,73.06,49.51
1110.90,271.16,158.12,948.67,74.95,49.09,74.76,46.40
1114.36,267.13,154.08,950.61,74.64,48.43,75.94,48.47
1107.76,265.53,158.25,950.85,73.17,49.51,73.73,49.44
1111.50,270.83,157.27,945.46,73.92,49.63,73.25,48.60
1107.91,266.54,154.11,924.85,73.67,47.62,74.40,48.57
1107.41,267.38,155.66,945.41,75.14,47.83,73.89,49.83
1110.84,266.09,154.85,949.28,73.98,48.23,75.74,48.40
1112.45,266.25,152.95,953.55,74.07,47.12,73.51,48.32
1109.32,262.82,156.95,941.35,74.16,48.06,72.18,47.41
1108.41,264.41,157.01,943.67,74.45,47.84,73.95,48.19
1115.73,267.35,156.95,941.35,73.69,49.51,74.40,46.60
1120.71,263.99,155.53,939.08,75.61,47.70,72.95,48.60
1107.40,268.93,158.62,937.67,73.96,46.77,74.04,49.67
1111.29,268.05,155.73,939.65,72.09,47.12,73.72,48.47
1104.58,265.68,156.48,942.09,73.77,47.22,73.88,47.41
1108.94,267.79,157.58,937.31,74.24,46.64,73.50,48.26
1109.16,263.10,164.40,935.00,73.23,47.59,74.26,47.38
1113.70,266.27,157.92,943.23,73.88,49.57,73.47,46.83
1110.84,262.05,152.44,944.28,72.21,48.24,73.70,46.96
1125.77,261.74,153.99,948.40,72.90,48.32,73.32,47.80
1117.31,263.27,155.26,945.26,74.13,44.99,72.94,49.08
1106.11,269.67,158.18,946.22,73.42,47.81,73.75,48.17
1112.33,270.13,154.94,942.85,74.17,47.23,72.98,49.15
1118.43,262.18,156.35,945.41,73.48,49.06,73.91,46.95
1108.64,263.56,153.96,941.96,74.52,45.77,75.00,47.85
1121.56,264.08,156.76,946.65,73.94,46.92,73.42,48.75
1112.22,264.71,158.60,942.84,72.98,48.03,73.69,47.23
1125.02,266.08,158.21,945.49,73.96,47.05,75.15,47.88
1115.18,263.60,158.50,948.61,74.86,46.77,73.72,47.71
1113.05,264.54,154.15,946.68,74.37,47.90,72.87,48.43
1114.15,264.02,154.66,941.41,74.46,48.50,72.92,46.14
1121.40,262.31,153.81,944.45,72.25,47.11,73.04,49.24
1095.96,267.33,154.91,943.96,73.12,46.33,72.24,47.52
1094.04,270.56,152.00,936.28,73.67,48.66,73.80,48.11
1092.44,262.78,158.75,943.83,72.90,46.99,73.47,48.56
1110.56,265.20,161.55,942.27,74.02,48.21,74.14,46.66
1103.27,261.67,154.27,946.32,73.29,48.03,72.72,47.57
1088.00,264.60,155.42,942.00,74.87,45.85,74.05,49.18
1096.44,267.56,151.46,850.35,73.89,48.47,74.11,46.95
1117.12,265.47,156.52,940.01,71.67,49.48,72.73,49.37
1120.77,265.58,155.01,941.38,74.40,49.58,74.29,48.47
1115.54,265.19,154.74,941.08,74.46,47.98,72.54,47.18
1105.11,266.04,154.93,943.24,74.13,46.76,73.16,47.88
1110.08,264.96,154.36,946.81,73.28,47.91,74.32,47.12
1114.03,266.28,152.23,943.63,72.56,48.14,73.09,46.30
1111.15,266.24,154.18,938.13,74.10,47.70,73.17,46.79
1110.31,261.33,153.89,933.60,74.42,47.12,73.83,48.03
1116.93,264.35,157.59,938.66,73.66,45.62,73.41,48.39
1113.12,264.93,156.16,941.93,74.51,46.26,73.58,46.86
1112.16,262.25,154.66,934.37,73.64,47.12,73.82,49.09
1114.68,266.34,156.77,935.53,75.14,47.16,71.72,48.85
1112.13,267.06,157.39,939.68,74.67,46.14,73.58,46.86
1106.67,265.88,155.82,937.95,74.58,48.11,75.00,46.54
1114.68,264.42,155.92,940.40,73.94,47.81,71.91,48.42
1123.76,264.22,156.32,940.98,74.26,46.17,72.56,46.73
1112.17,261.87,156.25,933.40,73.95,46.89,74.36,48.06
1106.61,260.72,158.38,940.83,73.98,48.20,73.77,47.75
1107.10,266.97,158.75,941.71,73.17,48.08,73.91,47.51
1117.05,266.38,157.33,946.31,72.90,47.80,72.69,49.15
1166.37,265.37,153.99,940.55,73.83,47.58,72.63,49.09
1106.55,265.73,157.27,944.84,73.99,47.11,72.84,47.21
1123.60,265.39,156.36,956.30,74.40,47.93,71.96,47.68
1115.94,265.39,157.67,948.71,73.66,47.52,73.98,48.10
1104.23,266.37,156.64,947.73,73.79,48.59,72.28,47.91
1114.56,266.21,154.47,953.84,74.08,47.55,71.27,48.68
1106.05,262.98,157.87,941.35,75.25,47.49,73.50,46.36
1107.19,263.52,154.99,945.88,75.05,47.85,74.26,47.51
1110.96,266.28,157.52,943.61,74.87,46.21,73.76,47.42
1112.29,267.91,154.88,941.70,75.91,49.12,72.73,46.49
1114.82,263.90,153.39,935.14,73.61,47.61,73.16,49.37
1119.45,262.84,159.03,935.30,72.78,48.24,73.31,48.23
1141.35,269.29,155.59,938.89,72.95,46.47,73.16,46.53
1110.33,256.20,156.67,940.00,74.99,47.84,74.16,49.93
1113.86,267.53,155.70,935.04,75.14,47.71,73.51,46.10
1126.59,262.46,159.51,939.52,74.76,48.13,73.47,47.88
1115.79,265.76,157.52,936.41,74.33,48.36,71.53,49.15
1111.16,268.67,156.73,931.87,73.98,47.90,73.66,47.16
1113.89,266.05,156.27,946.71,73.60,47.70,74.80,48.13
1102.90,266.68,156.22,941.12,74.70,48.00,73.80,47.48
1107.71,265.55,159.03,939.70,76.03,47.31,74.54,47.90
1119.15,265.92,154.87,937.72,73.33,46.96,74.16,48.55
1109.64,267.55,152.85,931.66,74.26,48.33,73.29,48.17
1116.57,265.96,162.15,934.96,73.60,48.89,74.59,47.09
1126.63,262.78,154.12,940.39,74.55,47.44,73.06,47.38
1108.86,262.94,156.83,943.97,74.49,47.98,73.10,48.20
1113.21,264.78,154.53,929.09,74.92,47.44,71.18,45.65
1117.70,262.35,157.37,952.10,72.95,48.44,75.62,48.92
1111.51,268.86,155.89,943.23,73.57,48.57,73.29,48.07
1110.96,264.54,159.64,953.91,73.69,49.90,72.54,47.54
1116.73,264.84,155.73,938.93,74.61,48.03,73.36,47.94
1114.97,264.68,156.96,941.34,74.59,49.50,73.14,47.68
1111.50,266.28,156.48,946.18,72.92,47.97,74.51,49.74
1117.50,265.49,154.34,942.92,74.33,48.29,74.45,48.29
1113.64,265.82,154.66,946.70,74.14,47.90,72.41,47.74
1114.09,260.88,158.37,946.94,74.55,47.83,72.54,48.07
1108.39,268.01,156.26,942.99,74.33,48.99,73.54,46.54
1124.07,267.02,156.01,941.40,73.51,47.78,74.26,49.51
1105.77,265.30,156.89,944.68,73.60,48.20,72.62,48.37
1109.93,261.63,160.65,945.07,74.48,48.16,73.29,46.53
1105.65,268.54,160.02,945.98,74.23,46.80,73.04,46.20
1117.62,267.68,154.66,944.45,73.94,48.44,74.05,48.98
1118.56,267.94,156.38,951.98,74.21,47.29,74.27,47.59
1180.60,267.23,154.56,949.15,74.74,47.51,74.32,48.30
1110.97,263.67,156.54,950.24,74.52,48.47,72.81,48.17
1113.78,265.33,158.05,952.78,74.64,48.20,74.36,46.98
1126.12,261.59,159.17,950.24,73.33,49.87,73.51,47.90
1107.32,267.46,158.28,950.14,74.10,47.83,73.13,47.75
1113.99,264.49,155.81,943.60,73.99,47.68,72.97,48.85
1113.84,263.23,157.81,954.78,73.96,47.64,74.10,47.64
1111.76,266.32,159.20,943.82,72.71,48.06,73.44,46.28
1112.79,268.83,157.97,940.72,74.08,48.23,74.67,47.74
1116.70,267.07,157.48,939.98,72.28,46.33,73.47,46.67
1110.22,263.41,160.14,944.81,74.29,47.65,72.91,47.75
1108.22,262.85,158.00,949.81,75.11,47.44,75.27,47.32
1114.00,268.31,156.96,941.89,75.12,47.54,72.24,48.44
1109.54,269.95,156.36,942.51,74.37,47.55,73.57,47.77
1113.71,264.83,157.45,940.70,74.55,48.39,72.47,49.32
1119.28,269.46,157.02,942.30,74.64,48.49,72.69,48.06
1108.16,265.81,159.61,950.17,74.14,48.88,73.10,47.52
1112.57,265.19,154.41,947.99,73.26,46.93,73.51,46.83
1121.08,264.94,156.30,944.46,74.84,46.93,74.58,48.34
1112.04,266.06,157.93,936.18,75.08,47.36,74.37,48.95
1124.01,265.33,155.04,945.80,73.55,47.77,72.81,49.16
1115.67,266.66,158.81,940.33,74.40,46.62,73.44,46.51
1112.69,266.93,156.35,939.96,74.39,48.08,73.35,47.02
1115.23,268.00,157.17,949.61,73.48,49.02,73.91,48.10
1105.76,262.16,159.35,948.54,73.07,47.90,73.73,47.35
1113.45,265.40,160.74,951.85,73.83,47.29,75.09,48.32
1161.22,267.15,154.14,953.61,73.94,48.39,73.26,47.18
1113.75,265.20,159.64,949.10,73.72,45.66,73.47,49.80
1114.85,266.19,155.16,948.91,74.18,49.32,73.72,47.90
1105.43,264.91,153.99,945.49,75.12,47.11,73.03,48.46
1108.29,267.69,156.41,942.75,74.11,48.60,73.19,49.22
1124.16,265.79,159.72,947.11,73.99,48.50,72.12,48.27
1111.87,260.82,157.17,953.03,73.86,46.44,73.35,48.07
1109.67,264.96,159.16,948.90,73.42,47.41,72.75,47.93
1106.96,265.32,159.17,950.74,74.05,48.68,75.09,48.70
1110.50,269.09,156.86,944.12,74.33,46.70,73.91,47.74
1111.79,266.21,155.88,944.90,74.16,47.90,73.33,47.61
1117.39,264.87,154.66,954.27,73.57,46.33,73.98,48.10
1109.84,263.64,157.89,949.89,74.43,48.34,73.09,47.02
1117.70,267.95,156.05,942.87,73.17,47.08,73.83,48.68
1108.33,269.59,156.86,944.41,74.61,49.05,73.86,48.00
1111.62,262.22,153.83,951.85,74.74,47.59,73.63,48.80
1113.07,264.34,159.41,948.83,73.26,47.12,74.84,48.72
1159.05,264.78,156.14,951.70,74.98,48.49,73.23,48.47
1111.40,265.94,156.10,936.83,73.16,47.70,74.67,48.01
1122.18,264.58,154.24,950.79,75.06,48.30,72.98,49.55
1113.30,266.61,161.83,941.87,74.62,47.75,73.64,48.10
1111.72,268.90,156.90,947.49,74.35,46.50,73.72,46.36
1114.79,268.30,158.79,953.65,73.75,48.49,73.83,49.24
1114.63,263.52,155.34,950.08,74.58,48.62,73.86,48.16
1086.92,269.71,153.64,936.84,74.33,48.33,73.72,48.82
1091.91,265.40,153.70,943.02,74.30,47.54,73.36,47.83
1090.01,267.97,156.20,943.84,74.07,47.21,74.02,48.60
1108.99,266.81,157.07,946.68,74.13,47.57,73.35,47.19
1116.54,263.53,152.36,944.65,73.26,44.79,74.33,46.90
1109.01,267.26,154.28,931.93,72.92,48.50,72.90,48.59
1119.16,261.59,159.12,939.80,74.70,47.16,74.35,47.81
1118.85,266.99,156.48,937.32,72.88,47.80,73.92,50.92
1106.24,269.29,156.76,949.09,73.25,47.80,74.33,47.68
1113.15,264.12,155.15,933.36,74.10,48.99,72.51,47.65
1120.20,266.79,155.62,940.92,73.77,48.98,74.54,46.41
1111.62,265.14,154.31,944.35,74.07,45.56,73.82,49.93
1111.07,263.05,157.05,954.46,73.83,47.62,74.65,49.16
1117.20,268.24,155.07,941.84,74.08,48.34,73.25,49.42
1104.66,265.73,157.23,943.66,75.28,49.11,72.85,47.65
1113.29,267.07,156.32,953.57,74.73,49.37,73.95,48.17
1114.79,265.14,155.85,944.67,74.74,46.67,73.23,48.49
1108.80,267.92,155.82,937.72,73.60,49.40,73.60,47.12
1114.41,267.00,156.13,953.28,73.53,46.18,72.97,48.89
1124.80,263.21,158.74,948.38,74.16,47.44,73.39,48.57
1111.59,266.09,158.54,950.73,74.52,47.75,73.60,48.37
1108.35,262.18,157.45,950.50,73.50,46.11,72.85,48.75
1115.50,267.48,157.59,945.03,74.17,46.27,74.23,47.36
1101.77,263.10,158.72,950.14,72.94,47.85,73.96,48.39
1109.42,267.02,154.03,952.37,74.29,48.55,73.91,47.45
1108.83,264.83,153.61,953.75,74.27,47.09,73.20,49.22
1111.53,264.91,160.39,948.40,74.48,47.98,73.35,47.59
1160.60,265.58,156.03,944.06,73.53,47.94,73.23,48.89
1113.87,267.79,158.03,951.59,73.69,48.11,74.32,47.52
1115.70,267.74,156.49,948.83,74.13,47.21,73.98,48.21
1107.54,267.76,157.39,946.68,74.76,47.45,74.01,47.25
1119.32,267.69,154.47,952.16,72.46,48.32,72.76,48.53
1113.07,262.85,156.14,944.46,73.66,48.89,73.51,48.62
1114.37,261.74,157.18,947.32,73.69,48.73,74.23,48.11
1119.47,265.43,158.15,946.75,74.24,47.08,72.40,48.55
1162.99,266.15,156.08,956.78,73.89,47.48,72.91,48.72
1106.02,262.25,159.98,945.07,72.63,48.91,74.59,48.56
1114.17,269.85,155.88,950.38,75.20,49.90,72.29,49.65
1116.17,266.18,153.42,939.70,73.47,48.37,72.94,48.08
1122.00,267.95,156.89,943.76,74.87,48.89,71.68,47.49
1107.38,271.96,154.97,939.88,74.04,47.77,73.83,47.32
1116.76,268.23,155.29,944.16,72.29,46.92,74.62,46.30
1108.67,263.99,158.41,940.26,74.55,46.93,73.48,49.25
1109.46,266.79,156.63,956.55,74.74,48.63,73.76,49.51
1111.56,271.45,155.21,948.48,73.60,48.55,73.77,48.36
1114.56,267.23,153.24,953.24,73.66,48.29,73.79,46.77
1220.01,268.00,158.93,947.45,74.93,48.79,74.07,49.08
1108.54,268.18,156.33,950.23,73.12,46.82,72.82,48.63
1099.02,264.51,155.97,941.40,74.57,46.76,74.40,47.59
1093.39,266.32,156.51,951.12,74.35,47.71,74.58,48.65
1087.48,271.12,154.06,937.22,74.40,48.20,75.18,47.84
1106.81,270.47,156.19,940.20,74.07,46.85,73.72,46.56
1114.25,267.82,155.31,940.52,74.05,46.95,75.27,48.27
1097.86,265.04,157.59,946.68,74.84,46.87,73.86,47.23
1094.74,265.17,156.64,953.55,73.72,48.63,74.23,48.89
1093.42,268.02,153.30,947.89,73.44,47.52,73.39,47.57
1153.54,263.44,159.79,942.20,75.21,46.34,73.89,49.27
1124.90,268.20,155.35,943.27,74.23,48.06,73.31,47.21
1114.97,263.52,158.60,949.25,75.28,47.84,73.17,48.26
1113.84,269.21,157.89,942.22,72.29,47.44,73.92,47.74
1114.05,265.52,158.81,939.87,74.20,48.49,73.10,48.08
1111.47,266.15,154.99,946.25,73.48,48.00,74.54,47.19
1117.05,264.57,157.37,937.02,74.10,48.75,73.10,48.47
1108.66,268.31,157.24,939.88,73.72,47.48,74.92,48.73
1117.36,265.72,156.33,944.26,75.15,47.23,72.90,48.83
1128.02,265.27,156.11,941.28,73.73,48.30,73.85,47.88
1111.81,271.42,154.77,941.06,75.15,48.04,72.02,48.98
1110.39,266.38,154.33,948.18,72.95,47.26,73.88,47.49
1110.74,266.25,155.64,945.27,73.73,48.10,73.53,47.09
1117.59,262.61,159.34,942.36,73.86,48.40,73.55,47.62
1107.78,265.36,158.82,943.86,73.39,48.14,73.95,47.59
1110.55,270.39,156.30,944.56,73.57,46.95,74.37,49.31
1115.18,265.36,154.08,943.93,74.24,46.53,71.67,47.61
1108.58,268.83,157.23,948.04,72.62,48.24,73.48,47.74
1113.15,265.33,153.70,939.11,73.39,49.41,71.59,46.31
1118.50,267.59,157.65,950.34,74.99,45.65,74.51,48.24
1109.98,269.54,157.23,948.24,74.92,49.40,73.58,49.78
1127.33,268.04,159.37,954.46,74.84,49.50,73.07,48.42
1112.25,270.27,158.38,949.51,73.76,46.76,73.73,49.71
1123.54,268.27,156.77,947.19,73.14,48.53,73.55,49.81
1109.65,268.23,157.45,951.44,74.23,47.83,73.95,49.51
1111.76,263.24,157.01,947.01,73.36,48.65,73.91,47.65
1111.85,267.89,156.92,953.91,72.90,48.34,73.73,48.08
1112.47,268.48,155.64,954.06,73.55,48.37,74.13,47.93
1111.65,267.52,155.01,948.94,72.57,48.55,73.44,49.68
1121.64,271.77,154.60,947.76,73.76,47.72,73.83,47.68
1107.03,267.10,155.76,951.18,74.37,46.75,73.67,47.57
1111.28,263.18,157.29,943.25,74.99,46.77,74.43,49.55
1116.13,267.55,152.61,944.97,73.86,47.23,73.86,49.12
1160.53,267.13,155.86,950.54,73.38,47.80,74.26,48.83
1109.77,266.77,156.51,951.80,73.73,47.22,72.75,46.75
1140.18,266.41,159.32,955.47,74.98,48.29,73.14,48.55
1110.91,267.95,160.63,951.72,75.28,47.09,71.99,47.98
1108.48,266.61,155.72,952.79,73.83,46.50,74.32,49.24
1118.03,265.75,156.89,950.08,74.55,48.52,73.60,48.34
1109.87,264.71,156.86,954.30,75.25,47.29,74.16,47.64
1105.26,263.01,158.22,956.17,75.25,48.17,74.43,48.95
1116.74,265.68,153.96,948.02,74.49,48.06,74.01,47.65
1108.67,268.02,156.23,948.70,74.68,47.45,71.74,49.31
1117.09,264.81,155.44,951.52,73.83,48.04,74.29,47.25
1112.83,267.35,157.89,947.19,72.92,49.81,73.14,48.03
1111.85,264.13,155.37,955.02,73.51,47.81,73.36,48.89
1118.87,265.22,153.95,954.71,73.33,50.03,74.81,46.66
1115.07,262.16,160.02,950.73,74.62,47.45,74.16,47.85
1112.11,267.56,153.81,949.10,75.21,49.74,75.09,48.95
1106.64,266.11,157.99,946.09,74.61,48.06,74.57,47.67
1119.53,265.49,157.17,953.81,74.74,48.29,74.64,46.92
1112.57,267.74,153.46,953.52,73.60,47.71,74.51,47.90
1129.33,266.15,154.28,955.02,74.59,48.43,74.30,48.50
1111.00,261.14,159.09,950.49,74.02,46.89,75.31,48.42
1110.53,268.11,154.24,949.32,72.66,47.80,73.23,49.61
1117.78,266.74,159.10,948.12,74.26,46.26,74.04,48.00
1112.82,262.92,158.62,951.75,73.20,48.96,75.43,48.03
1110.83,267.59,154.77,948.35,73.25,48.19,72.78,47.71
1114.62,263.80,157.43,953.50,73.25,46.53,73.85,47.12
1110.02,265.56,153.99,950.31,75.03,47.58,73.17,47.21
1111.53,263.39,157.90,950.00,74.54,47.16,72.97,48.57
1116.52,263.93,155.95,946.70,74.67,47.85,74.11,48.99
1113.15,265.47,157.36,951.26,73.54,46.70,74.74,49.65
1142.22,268.63,156.08,946.83,73.47,46.34,74.65,49.68
1183.17,259.83,157.14,950.43,72.92,47.25,73.06,48.75
1128.81,263.98,154.38,948.22,74.29,47.81,73.35,47.87
1102.72,269.38,154.75,949.09,73.73,47.58,74.01,48.72
1108.61,267.23,153.36,956.35,73.83,46.28,73.96,48.00
1120.14,268.38,160.51,950.64,75.36,46.24,72.95,47.68
1117.30,262.94,157.20,955.32,73.86,48.20,73.36,48.66
1109.18,264.77,154.21,945.13,75.71,47.44,75.12,47.96
1110.75,265.94,157.27,955.34,73.09,47.45,72.91,47.23
1112.66,266.25,153.04,947.19,72.84,49.31,74.05,47.97
1111.04,264.84,153.21,952.65,73.44,46.53,74.48,49.86
1125.53,265.26,156.03,956.43,72.24,48.55,73.94,48.78
1112.57,264.49,156.82,951.54,72.66,47.64,73.72,49.42
1114.90,265.56,155.70,947.89,74.54,48.32,74.81,50.46
1111.38,267.26,155.04,951.12,74.23,48.27,72.32,48.46
1118.69,266.28,156.00,943.28,74.43,48.52,73.95,48.06
1115.41,261.35,153.75,951.21,74.67,47.57,74.24,49.34
1115.78,263.17,156.54,950.23,74.46,46.95,72.49,48.26
1115.13,265.00,156.73,956.58,74.77,48.20,73.98,47.49
1121.06,261.12,156.74,950.92,74.13,46.27,72.92,49.09
1161.33,263.57,153.56,956.38,73.01,46.67,73.33,47.77
1108.61,264.70,158.00,943.99,74.52,47.68,73.16,46.00
1111.47,267.26,154.50,946.45,72.97,46.90,73.01,47.47
1116.98,267.26,157.84,950.47,74.96,48.13,73.77,46.10
1119.82,267.62,156.04,946.54,75.21,48.57,72.76,48.79
1110.80,266.81,154.77,946.37,73.23,47.68,73.76,47.29
1112.86,263.16,156.99,945.96,73.99,48.83,72.98,47.55
1113.58,265.10,157.92,950.82,75.30,47.42,74.11,48.70
1113.61,264.24,153.75,949.39,73.83,48.63,74.48,48.34
1102.67,262.12,158.46,951.52,73.58,46.44,74.59,48.03
1107.66,268.70,157.30,953.78,74.48,48.14,73.48,49.32
1110.59,267.40,156.48,948.07,75.39,47.41,74.93,50.03
1119.88,266.31,154.91,951.59,73.67,48.49,73.29,45.88
1116.96,264.05,156.83,953.47,74.04,48.07,74.43,48.43
1117.36,264.35,155.35,951.77,73.98,48.04,73.10,48.56
1108.53,265.24,156.26,947.66,73.57,48.07,74.17,46.85
1125.96,267.53,153.49,947.52,74.08,48.63,74.27,48.50
1108.31,262.97,155.94,954.03,75.25,48.16,74.71,47.64
1113.64,265.91,154.60,953.71,74.18,46.15,74.38,47.75
1117.36,264.41,158.13,951.82,73.98,49.68,72.47,47.94
1112.42,267.02,156.39,957.46,74.43,48.29,75.11,48.08
1117.96,262.90,156.13,953.97,74.02,48.62,73.16,46.95
1117.71,264.45,152.33,957.57,74.76,48.49,73.64,47.61
1110.00,265.32,155.59,954.00,74.33,47.41,74.30,47.16
1091.08,263.14,150.77,955.64,74.73,48.03,75.37,48.60
1092.13,268.33,152.86,955.67,73.94,46.85,74.73,48.42
1094.90,265.19,156.01,953.16,75.17,47.03,73.10,49.71
1115.44,266.28,158.62,950.40,72.18,47.44,74.02,48.66
1107.81,270.49,154.58,952.08,73.50,48.93,73.89,47.19
1168.44,262.84,153.99,952.52,73.60,47.35,73.35,45.36
1123.69,265.69,155.32,948.81,74.33,46.53,73.86,46.76
1119.00,262.78,158.79,952.21,74.67,46.10,73.29,47.58
1115.73,264.34,157.04,953.94,73.70,46.86,73.16,46.99
1118.72,264.68,155.57,949.43,74.59,46.64,72.43,47.02
1112.96,267.09,155.67,951.03,75.69,47.55,73.94,47.57
1113.74,267.98,159.56,947.39,72.98,47.84,73.95,48.70
1113.95,269.80,156.49,954.69,74.58,47.84,74.48,47.16
1115.31,264.93,155.34,949.51,73.22,47.02,74.11,48.98
1124.61,267.55,156.39,949.76,74.52,49.06,72.72,48.50
1137.02,264.21,153.74,948.30,74.16,49.02,74.83,46.64
1112.44,267.72,156.45,947.45,72.03,48.16,72.92,46.86
1116.01,266.67,152.77,950.38,73.47,47.75,74.93,48.44
1112.88,263.86,155.69,948.64,73.06,47.70,73.01,47.45
1108.67,270.44,155.12,955.20,73.82,48.42,73.76,46.85
1113.40,267.69,156.20,955.99,72.54,46.99,73.50,47.21
1107.69,259.83,156.04,949.23,73.98,48.60,73.76,47.42
1115.04,267.58,152.51,957.92,73.54,48.13,73.89,47.61
1123.53,261.80,157.72,956.61,75.37,47.94,73.32,48.78
1115.01,268.96,156.04,952.42,74.13,47.93,73.51,49.45
1115.03,262.56,158.15,954.19,74.16,48.72,74.73,49.29
1109.21,264.77,155.42,951.45,74.71,47.71,72.92,48.30
1126.02,266.55,156.39,949.09,73.75,48.70,74.14,48.27
1128.12,263.13,158.19,952.27,74.29,47.22,72.31,48.06
1111.54,267.63,156.14,957.14,75.94,47.12,74.54,47.78
1112.41,266.64,155.04,945.05,74.65,47.21,74.27,50.49
1097.25,264.19,154.28,954.45,75.15,46.75,73.80,48.32
1095.72,264.94,151.81,949.28,73.28,48.95,73.77,45.84
1091.46,265.40,152.60,952.06,74.43,48.72,73.76,46.56
1106.36,263.28,157.68,947.34,74.54,48.13,73.51,47.62
1113.56,267.78,155.00,952.31,73.17,49.31,74.37,48.29
1119.48,266.91,155.23,954.36,73.39,48.33,73.31,48.06
1111.78,265.79,155.06,949.98,73.73,48.98,72.82,48.08
1112.39,263.79,156.80,957.70,74.13,47.52,73.86,48.70
1124.98,266.37,155.44,948.31,74.59,48.65,75.18,47.09
1110.39,268.53,154.71,952.75,73.58,47.45,75.06,49.87
1112.73,266.66,157.77,944.38,72.18,48.85,74.77,47.03
1113.29,264.84,158.62,953.54,74.51,47.83,73.47,47.90
1108.48,268.73,156.36,948.35,75.15,48.07,73.16,49.04
1110.94,269.12,155.26,944.02,73.31,49.02,73.88,48.49
1112.86,263.36,155.94,956.13,74.10,47.26,74.92,49.31
1116.92,268.08,154.37,950.21,73.99,48.17,73.70,48.07
1117.30,266.91,156.61,943.70,73.39,46.31,73.20,47.67
1117.67,268.30,152.44,950.02,74.14,48.24,72.91,48.16
1119.34,265.91,154.47,954.63,73.53,48.21,73.99,49.22
1108.04,268.17,155.70,949.84,74.33,48.82,74.64,49.01
1105.82,264.94,157.64,952.43,75.17,47.83,72.60,48.21
1116.30,264.37,155.03,953.27,74.23,47.36,73.44,46.79
1096.28,269.15,151.62,952.10,72.98,47.75,72.92,48.00
1089.19,264.31,155.09,949.64,75.06,48.10,74.58,49.77
1100.86,270.00,151.22,948.99,73.31,46.37,72.98,46.51
1113.89,267.46,155.07,955.73,72.75,47.94,73.89,47.97
1124.24,266.60,156.38,953.06,74.99,48.50,73.64,46.77
1094.42,267.19,152.89,948.96,75.22,46.38,75.31,48.47
1092.22,266.31,157.08,956.09,72.15,47.90,71.78,49.19
1082.96,265.86,150.25,949.06,74.54,48.32,73.58,47.85
1106.77,263.34,153.83,946.19,73.85,47.59,73.03,49.21
1115.32,263.63,153.89,947.45,73.86,47.88,74.96,47.23
1112.25,263.01,156.58,950.40,75.06,49.16,74.73,47.58
1121.68,267.09,158.38,951.98,74.21,47.81,73.41,46.44
1110.63,266.32,152.74,946.55,72.95,46.66,74.32,48.75
1113.26,265.94,153.78,951.25,73.80,49.19,73.29,48.85
1119.12,263.76,157.01,951.85,74.10,49.15,72.15,49.74
1112.51,264.31,155.41,950.60,73.96,47.15,74.93,49.05
1124.83,264.34,157.01,952.62,73.57,47.96,74.16,49.45
1132.83,266.80,157.50,946.09,74.59,47.06,74.21,47.39
1106.80,265.03,152.92,949.69,73.60,47.38,72.72,47.16
1116.13,262.58,154.55,951.64,72.32,47.59,75.12,47.13
1113.90,264.87,157.29,952.44,74.59,45.95,74.24,47.67
1110.36,267.59,156.03,951.98,73.80,47.12,74.84,47.97
1115.69,264.21,155.64,954.22,73.39,47.42,73.75,47.31
1108.82,269.84,155.98,945.16,75.05,48.29,75.40,49.34
1131.39,268.27,154.60,952.66,73.23,46.80,73.04,48.36
1116.48,267.15,157.96,954.50,73.83,46.79,74.45,48.00
1109.61,266.96,157.81,952.72,74.07,47.22,71.68,47.90
1114.71,262.06,158.40,947.39,73.77,47.70,74.40,49.34
1122.02,267.12,155.50,957.20,72.29,48.29,74.02,47.91
1117.23,264.54,157.52,945.40,74.07,47.41,74.33,47.51
1115.44,267.19,154.63,954.37,73.63,46.90,73.60,49.09
1113.39,263.95,158.24,946.28,75.47,48.03,74.58,47.64
1119.56,266.04,158.08,952.57,74.39,47.18,72.59,49.08
1127.38,267.13,155.40,957.40,74.07,47.06,73.07,49.60
1127.60,266.51,156.13,953.74,72.31,48.29,73.00,47.71
1106.01,261.89,157.81,945.66,73.16,47.34,75.83,49.44
1118.62,262.52,156.32,953.31,74.64,46.89,74.08,49.09
1116.66,270.54,155.44,952.24,74.29,48.57,74.27,47.83
1110.33,265.58,153.15,948.97,73.29,46.07,75.22,49.53
1115.03,267.94,154.68,949.85,73.50,48.60,75.71,48.57
1110.47,264.09,150.55,939.52,74.04,47.09,74.21,47.13
1124.51,266.54,154.03,956.77,74.08,48.52,74.95,48.27
1125.46,267.85,153.30,943.34,73.94,49.11,73.91,47.64
1121.33,269.74,156.27,954.10,73.14,46.13,73.32,48.76
1111.63,265.11,155.62,948.60,73.28,48.76,73.38,48.16
1121.34,266.53,153.56,952.60,73.88,46.70,72.76,48.40
1107.91,265.30,158.81,950.73,74.01,47.54,74.32,47.44
1109.76,264.01,157.49,955.53,73.96,48.92,72.98,48.40
1107.06,267.94,153.27,954.11,74.17,48.55,72.56,49.31
1118.49,262.55,156.85,948.41,73.41,46.33,73.77,48.65
1104.45,267.94,157.39,958.65,75.08,48.08,72.63,47.68
1114.37,269.35,154.27,947.60,73.64,47.03,73.54,48.86
1116.66,264.85,153.24,954.00,72.15,46.62,74.38,49.28
1110.61,264.16,158.87,946.26,72.56,48.04,73.31,48.44
1113.93,264.68,154.78,950.15,73.92,47.05,72.62,49.48
1115.82,269.12,158.50,949.53,74.01,47.18,74.23,49.15
1108.19,265.85,155.21,952.78,72.19,48.56,73.99,48.11
1119.25,265.94,156.03,957.30,73.54,48.03,74.65,48.43
1118.57,268.56,156.54,953.84,74.04,47.58,73.28,47.97
1110.78,266.21,156.79,949.49,74.39,48.56,73.50,47.08
1112.03,263.67,158.12,947.17,73.47,48.07,74.77,47.61
1111.21,268.21,155.21,947.76,73.41,46.36,72.68,47.29
1116.36,264.98,154.12,954.99,72.41,47.35,73.57,48.06
1110.22,265.24,155.10,948.55,73.47,48.14,73.77,49.08
1113.46,261.31,158.30,954.59,75.20,48.50,73.12,47.49
1112.69,269.41,159.13,955.93,74.76,46.31,72.53,48.68
1120.55,260.86,156.16,949.61,73.12,47.90,73.06,49.51
1116.33,264.98,158.60,946.38,74.68,47.96,73.96,47.47
1119.09,266.54,155.89,944.45,73.03,47.38,73.16,46.49
1114.74,268.90,156.57,956.94,73.60,47.98,73.66,48.37
1114.21,271.58,156.08,946.47,73.10,48.34,73.60,49.08
1105.73,270.04,156.54,950.67,74.02,47.00,73.31,47.85
1115.42,267.43,157.62,947.14,74.01,48.27,73.58,48.91
1118.38,266.30,157.61,943.73,74.80,48.63,73.58,48.26
1106.59,264.42,155.73,943.17,74.11,47.78,73.72,49.93
1121.50,263.62,158.43,945.54,73.53,45.85,73.29,48.65
1110.37,265.56,151.81,958.03,73.63,47.28,74.16,49.50
1111.85,267.06,156.60,945.98,73.54,48.59,73.76,47.98
1109.98,264.29,155.57,942.79,72.73,46.04,73.44,47.16
1100.45,268.66,157.71,952.50,73.51,47.47,73.58,50.04
1110.81,263.44,154.14,951.54,73.88,46.13,73.10,47.71
1120.86,267.74,154.31,943.44,74.49,47.49,74.14,49.27
1101.26,267.69,157.37,945.16,72.84,48.36,73.45,46.40
1106.78,268.74,156.07,960.02,75.21,47.05,73.95,49.16
1103.74,266.79,154.31,954.06,74.86,47.57,74.65,48.85
1118.78,267.30,156.04,950.70,74.96,47.49,74.01,48.70
1116.54,265.11,159.42,949.09,75.62,48.52,72.87,49.81
1106.40,267.88,157.61,948.38,74.87,47.98,74.52,48.16
1118.54,264.68,159.39,956.87,75.40,47.02,74.17,48.50
1120.19,265.06,152.36,947.78,75.15,48.99,72.91,48.11
1106.99,265.47,160.60,951.16,74.55,47.62,74.93,49.08
1111.75,265.26,153.07,951.55,72.84,47.03,73.99,49.05
1112.35,267.85,158.66,947.96,73.50,49.51,74.61,49.48
1112.58,268.84,159.70,954.95,73.63,48.34,73.51,47.39
1110.53,266.70,157.75,953.67,74.02,46.73,74.55,48.55
1111.18,266.60,155.06,951.32,74.14,48.60,73.42,49.15
1118.81,270.72,157.52,947.43,75.28,46.11,73.26,46.56
1112.57,262.84,158.63,951.91,74.39,48.59,74.70,47.11
1112.41,266.32,155.75,951.54,74.23,47.54,73.48,47.47
1108.12,267.40,157.42,950.18,74.52,48.20,72.75,48.01
1120.61,266.54,152.86,957.73,72.87,48.04,74.65,47.85
1111.72,267.16,156.04,955.43,73.80,48.26,74.07,48.88
1119.20,265.17,154.84,951.48,74.04,49.21,75.21,47.34
1124.14,263.49,156.51,949.16,73.22,46.79,74.57,48.17
1107.03,268.97,155.47,945.26,74.26,47.13,73.61,48.75
1118.93,266.70,152.41,950.37,74.18,48.26,72.78,49.06
1114.06,267.85,155.29,950.05,74.74,49.29,71.94,47.41
1110.31,270.01,154.79,910.99,74.20,47.31,72.69,47.16
1118.19,264.19,157.12,951.48,74.87,47.28,74.21,49.18
1124.65,267.63,154.12,950.12,73.91,48.32,74.14,46.99
1110.36,266.02,158.28,946.02,74.45,47.61,75.59,48.68
1109.57,263.11,153.14,948.64,73.23,48.07,74.20,48.23
1113.62,267.88,155.32,950.74,73.17,47.08,73.33,49.51
1122.47,266.24,155.76,947.03,75.50,47.47,72.44,49.05
1116.60,263.96,157.50,949.74,72.62,48.91,74.26,48.59
1113.37,263.31,154.79,948.60,73.12,47.55,72.98,49.32
1116.58,269.06,155.76,945.77,74.29,47.22,73.14,48.40
1116.68,262.78,156.86,953.52,74.76,48.06,73.57,48.39
1113.08,269.52,157.33,951.82,73.19,47.93,74.20,47.72
1119.53,269.39,158.21,947.81,74.18,46.59,72.54,48.34
1110.65,263.66,159.31,953.75,74.26,47.78,74.14,48.23
1113.65,265.29,158.79,946.41,74.81,49.35,74.35,47.05
1111.67,267.15,155.85,947.36,74.45,45.74,72.56,47.57
1113.56,264.67,158.90,950.92,72.43,48.11,74.42,49.60
1114.77,267.65,157.34,951.88,73.88,47.51,72.78,47.94
1140.68,269.61,154.93,952.79,73.44,47.51,74.23,47.68
1107.76,266.09,156.20,945.46,73.76,48.11,73.06,46.70
1111.73,266.70,153.36,946.94,74.64,49.53,73.76,48.72
1123.20,266.45,156.89,950.07,73.35,46.89,73.20,47.00
1087.21,266.31,158.85,940.68,73.76,48.78,73.28,47.13
1085.51,267.32,155.63,945.62,73.41,49.34,75.46,47.81
1094.81,265.33,155.28,948.60,74.76,48.30,73.85,47.97
1113.68,268.92,158.74,952.31,73.25,48.03,72.71,48.06
1115.38,263.34,158.66,942.88,76.38,48.03,72.95,49.60
1111.25,267.78,156.38,950.64,74.62,47.91,71.84,48.43
1120.36,265.03,155.28,956.10,74.20,48.55,73.92,47.29
1114.11,267.12,158.72,948.55,73.70,47.51,72.78,46.79
1108.85,267.81,154.72,950.38,73.96,48.91,74.07,48.29
1108.92,266.57,159.00,952.98,73.03,48.17,73.47,49.60
1113.37,265.78,154.28,955.17,74.43,48.19,74.37,48.26
1103.74,263.96,155.76,954.09,73.48,49.29,73.23,49.58
1109.20,269.55,154.05,947.55,73.98,47.25,73.23,47.26
1114.87,263.77,154.28,947.52,72.82,48.20,74.71,47.81
1101.25,267.95,155.28,947.68,74.24,47.55,73.17,48.63
1107.95,263.59,157.74,955.83,73.41,47.55,73.42,47.57
1119.15,265.83,154.50,951.74,73.47,48.55,72.94,46.73
1108.72,264.57,158.28,952.26,73.36,49.35,74.86,47.09
1114.56,268.51,152.92,943.64,74.05,47.97,74.05,48.10
1115.89,267.62,157.96,944.25,73.45,47.38,75.14,47.85
1103.68,266.47,157.15,952.49,74.59,46.70,74.24,48.17
1111.24,267.26,156.45,946.52,74.36,49.12,74.11,46.41
1108.76,265.58,157.34,948.74,73.95,48.14,73.42,46.44
1112.29,263.27,158.94,947.96,74.10,47.34,73.54,47.58
1118.24,270.53,154.85,960.74,73.31,46.23,73.41,47.91
1128.78,267.69,155.73,944.68,74.49,48.26,73.17,47.77
1159.93,263.24,158.84,942.39,74.10,49.11,74.54,48.16
1089.72,270.49,156.38,947.27,74.10,46.64,74.67,49.12
1092.13,263.75,154.36,945.14,74.93,47.67,74.39,49.22
1098.07,264.94,154.63,939.08,73.69,48.92,72.66,48.79
1114.44,267.23,157.83,950.53,74.49,47.67,73.85,46.99
1115.15,267.16,157.92,953.81,74.27,48.07,74.59,48.69
1113.29,267.66,152.88,955.77,72.85,46.43,73.29,47.32
1116.45,266.93,154.38,952.16,75.39,48.08,73.86,47.78
1116.54,267.35,155.91,943.63,73.60,48.11,73.64,48.20
1109.35,265.58,156.39,951.81,73.86,47.31,73.88,47.64
1111.81,265.16,158.21,951.78,73.88,48.26,73.75,48.10
1121.11,265.42,156.58,943.73,72.71,47.67,75.39,48.69
1164.97,264.77,158.33,947.63,71.97,47.47,73.48,46.69
1116.36,265.14,158.90,957.46,74.29,48.16,73.19,47.28
1096.76,266.12,152.91,956.91,72.81,47.58,75.65,50.32
1093.75,268.47,157.84,951.91,75.17,48.23,74.10,46.62
1098.87,263.72,155.81,941.11,71.23,47.41,75.03,48.63
1106.27,270.20,157.01,942.74,75.93,47.45,73.92,46.30
1093.07,267.95,154.00,945.01,74.93,48.27,73.48,47.98
1095.37,266.76,154.97,948.27,73.86,45.74,74.10,48.30
1090.13,263.04,155.78,944.09,74.84,48.50,74.05,46.33
1110.14,269.19,157.12,947.16,73.20,48.91,73.16,46.63
1127.52,267.82,156.33,941.76,75.27,47.19,74.20,48.65
1088.09,263.96,157.07,942.92,73.47,47.18,74.65,47.90
1090.68,265.00,153.01,942.88,75.77,48.32,74.57,47.93
1090.43,262.77,157.45,943.43,73.07,47.80,73.69,49.02
1110.31,269.94,155.35,935.20,73.75,47.52,73.14,47.71
1108.48,265.85,154.40,949.40,74.21,47.72,73.57,48.92
1113.86,262.62,156.88,944.81,74.23,47.52,75.40,47.80
1110.08,264.68,153.84,952.43,72.90,47.18,73.70,48.68
1112.22,264.12,155.32,945.04,73.54,47.44,74.81,48.75
1116.45,264.26,157.42,938.34,73.32,47.47,73.10,48.92
1112.33,269.08,156.73,937.65,74.05,48.19,74.81,48.68
1108.88,262.71,154.06,937.10,74.08,48.78,74.70,49.54
1112.14,266.66,157.34,940.75,75.09,49.71,73.64,49.34
1120.26,265.10,151.92,939.98,74.24,48.36,74.16,49.74
1111.88,268.53,154.72,939.67,74.64,47.08,74.96,46.72
1110.59,264.97,153.87,934.01,74.02,48.37,73.89,48.01
1106.34,266.79,154.94,943.50,73.95,48.88,74.21,48.56
1109.32,263.50,154.03,944.42,73.66,47.19,72.90,49.57
1113.29,263.11,154.40,935.49,72.60,47.72,74.24,47.81
1118.30,263.43,154.59,937.41,72.68,47.47,73.53,48.78
1117.97,266.84,155.75,937.39,74.07,47.16,73.79,48.42
1113.43,264.45,157.07,934.25,74.49,47.11,73.66,47.38
1104.67,268.84,153.97,937.42,73.13,48.14,72.91,47.25
1112.83,265.66,155.00,936.92,74.61,47.94,73.00,47.77
1108.28,266.05,153.70,939.91,74.36,47.25,74.11,46.53
1119.58,262.92,156.83,938.31,73.91,47.35,73.32,47.28
1122.71,266.32,154.50,939.28,72.10,48.33,73.20,48.46
1112.39,260.92,157.26,935.36,74.37,47.72,74.98,46.77
1112.48,267.71,155.45,939.81,72.22,47.15,72.10,48.10
1109.17,266.06,154.30,945.96,74.49,48.21,74.26,47.36
1113.26,262.23,156.52,937.90,74.05,48.69,72.51,49.22
1129.24,264.67,156.20,941.76,74.77,48.53,73.04,48.00
1100.29,266.50,156.25,939.34,73.91,48.36,72.65,46.63
1108.99,262.16,158.31,934.94,74.30,47.09,72.87,48.23
1114.79,262.82,159.31,939.81,73.57,47.70,74.13,47.00
1111.97,267.25,155.67,944.59,74.10,46.95,73.96,48.56
1110.05,267.68,154.31,936.22,73.96,46.60,74.43,47.11
1106.27,268.21,155.82,940.91,72.76,47.74,73.77,48.03
1110.47,262.71,158.12,945.59,73.92,47.28,73.19,49.45
1113.45,264.80,156.64,947.60,73.86,48.20,72.88,49.32
1107.62,264.80,158.91,947.76,75.09,46.72,73.91,47.51
1146.92,267.33,153.12,944.78,74.52,47.08,73.04,47.18
1116.52,270.52,155.95,943.37,73.32,47.68,75.33,48.44
1111.10,261.05,155.10,943.38,74.71,49.60,73.76,48.19
1109.65,268.43,156.82,937.33,73.48,48.29,74.10,46.77
1121.83,262.95,153.11,932.72,74.83,46.56,74.05,50.16
1104.61,267.65,155.10,941.48,73.80,47.28,73.85,48.26
1115.41,266.08,155.01,934.58,74.61,47.68,73.01,48.46
1118.68,265.99,154.30,940.23,73.75,47.55,72.72,47.13
1106.94,263.21,158.00,943.79,73.53,47.68,73.28,48.53
1111.63,263.67,158.38,939.28,74.26,48.29,74.62,48.17
1109.79,265.39,156.26,950.31,74.33,48.07,73.23,47.49
1111.40,262.88,160.49,936.18,73.86,47.54,73.89,49.12
1113.30,265.52,153.30,939.65,73.79,48.16,73.01,47.71
1115.79,263.40,154.36,946.13,73.54,47.70,71.83,48.06
1112.99,262.55,157.49,942.84,73.82,47.03,74.96,49.65
1116.63,266.60,157.50,939.19,74.57,48.56,74.93,48.21
1112.55,265.94,157.94,940.69,74.42,48.06,73.51,46.67
1112.57,265.01,155.37,939.05,73.92,47.71,73.79,48.33
1112.70,265.72,159.10,946.58,72.59,48.14,74.13,47.26
1115.81,266.28,154.96,952.73,73.22,46.36,72.57,48.57
1112.70,263.85,157.55,943.04,74.55,48.63,73.44,48.43
1109.77,269.28,157.12,942.25,73.83,47.26,74.05,47.54
1110.80,264.44,157.49,949.02,75.08,47.34,72.32,47.65
1124.74,263.28,158.13,948.25,73.41,47.32,74.54,48.91
1127.39,257.29,158.56,941.53,74.98,47.85,74.48,46.60
1121.40,264.71,157.46,945.01,74.62,47.16,74.45,47.05
1114.38,268.02,155.00,944.51,75.61,49.78,73.42,49.76
1107.00,264.54,154.00,952.13,74.40,47.88,72.88,48.43
1121.39,267.39,157.45,941.97,73.77,50.84,74.21,48.10
1123.94,267.59,156.89,949.17,74.17,48.11,74.26,47.75
1119.72,265.26,155.25,936.02,75.00,47.36,74.21,46.92
1121.15,264.71,158.06,940.92,73.01,48.83,72.73,47.49
1112.42,265.10,153.93,942.20,73.38,48.23,75.43,48.68
1112.54,266.28,158.18,937.00,74.89,49.41,74.68,48.16
1111.06,267.17,155.97,944.64,73.23,48.14,73.82,48.91
1113.90,265.55,154.09,946.22,75.05,48.06,73.76,49.31
1106.88,266.08,155.78,941.91,72.72,48.50,73.36,47.12
1115.62,263.18,157.11,945.40,74.21,47.81,72.31,48.57
1112.74,264.44,153.92,944.26,75.55,48.68,74.07,49.91
1112.73,266.18,158.40,943.83,73.16,47.11,73.16,48.43
1107.65,261.90,158.13,948.19,75.14,47.35,71.43,47.94
1106.15,266.05,153.78,946.12,74.40,47.09,74.46,47.91
1110.66,265.23,156.57,941.78,73.32,46.79,73.73,46.96
1116.67,262.75,155.21,947.59,74.49,47.96,74.43,48.27
1127.28,267.13,156.93,949.94,73.03,47.78,73.22,48.53
1111.43,267.04,155.04,942.45,73.04,47.31,72.98,48.76
1114.55,259.60,160.08,949.36,74.10,46.82,73.75,48.76
1113.01,266.60,154.85,947.06,75.06,47.34,73.31,49.24
1110.77,266.21,157.96,941.15,72.35,48.93,72.59,47.51
1114.68,262.69,154.90,943.38,74.89,46.85,73.33,48.00
1108.26,266.91,156.22,936.28,73.98,48.55,73.99,47.38
1109.11,265.26,151.73,946.32,73.95,49.06,73.47,48.93
1103.28,261.87,158.06,940.68,74.51,46.93,73.58,49.94
1104.58,266.76,152.69,946.11,75.21,48.32,74.48,47.09
1117.07,268.43,154.69,943.30,73.63,46.26,74.43,46.10
1110.61,267.94,154.63,937.03,73.89,47.68,73.48,48.08
1108.04,266.17,154.27,937.97,73.91,46.87,74.23,48.29
1119.10,262.23,157.01,938.80,74.86,48.03,74.40,46.99
1118.30,264.49,154.49,943.67,73.22,48.73,73.99,49.27
1113.80,261.11,158.65,944.22,73.75,49.25,73.16,47.06
1116.23,266.14,154.79,951.16,75.17,46.86,73.35,48.68
1118.69,263.21,157.90,946.62,73.58,47.18,74.18,48.03
1163.54,261.37,157.68,949.03,72.54,47.51,73.54,47.31
1113.74,264.12,155.67,947.19,73.63,48.33,75.12,47.96
1118.27,263.79,156.11,948.12,74.98,49.04,74.62,48.79
1111.46,266.90,152.50,947.94,73.03,47.21,74.45,48.73
1110.46,267.12,155.76,949.92,74.92,47.48,74.65,46.99
1113.08,264.98,157.52,939.31,74.52,46.53,73.54,48.14
1113.87,266.71,154.74,942.62,72.09,47.87,73.23,47.68
1117.43,266.93,157.23,941.97,74.52,47.28,74.43,47.70
1113.27,266.04,157.58,938.62,74.62,48.19,73.39,48.19
1109.46,265.20,154.00,948.61,74.49,46.90,74.96,47.75
1107.37,268.48,156.45,951.51,73.69,46.87,73.13,48.63
1112.44,265.96,155.45,945.40,74.16,48.70,74.74,49.97
1109.74,267.39,153.17,943.07,73.82,47.08,74.11,47.77
1110.02,268.83,155.13,946.55,72.31,49.40,74.21,46.63
1113.67,267.45,156.99,949.10,73.76,50.29,73.60,46.96
1119.85,265.46,160.73,952.83,72.87,48.08,73.26,47.84
1104.58,267.35,156.60,951.44,72.94,48.82,72.02,49.61
1109.51,262.55,157.58,946.31,73.60,49.31,74.73,49.27
1116.35,268.01,154.85,948.67,72.60,47.26,72.81,48.27
1112.71,270.39,155.98,951.45,73.36,48.20,73.67,47.57
1106.59,267.09,153.05,960.29,74.18,48.53,74.24,47.83
1123.42,268.33,157.83,945.83,74.58,48.17,72.46,47.91
1105.43,264.90,155.31,951.81,73.72,48.73,73.76,47.22
1107.59,269.08,157.74,954.19,74.37,45.88,73.99,47.75
1116.60,265.46,152.22,950.14,73.16,48.30,74.77,49.45
1105.11,269.55,154.96,956.20,74.29,46.43,73.12,48.83
1106.93,269.98,155.45,947.00,73.20,48.79,73.99,48.03
1108.72,267.42,157.83,943.79,73.47,49.21,75.11,47.29
1112.76,265.07,152.79,939.67,73.09,48.85,74.62,47.83
1110.34,267.20,155.72,948.41,74.07,47.72,74.42,48.47
1104.97,263.75,157.48,947.22,73.70,48.99,74.08,46.96
1111.94,271.02,156.04,951.97,75.02,48.50,73.32,48.92
1113.33,262.31,158.33,939.55,73.95,46.70,74.30,45.64
1107.47,266.77,153.80,943.89,71.59,47.88,73.33,48.57
1107.49,263.21,159.28,942.88,74.67,47.11,73.61,48.89
1113.30,265.91,159.20,941.67,74.08,48.80,73.22,47.05
1123.03,265.69,151.73,942.48,75.56,48.55,75.05,49.24
1111.37,266.47,158.37,941.27,74.37,47.78,74.45,48.78
1160.28,265.04,154.15,944.06,73.83,47.19,73.51,48.96
1108.61,268.37,156.85,938.07,73.86,46.95,74.86,49.14
1109.14,266.31,152.20,942.66,72.59,47.84,74.52,47.41
1104.91,267.36,154.09,945.49,73.77,48.00,73.53,46.82
1111.51,268.69,155.03,950.69,73.80,48.79,72.90,48.70
1112.22,265.33,153.11,943.01,73.04,49.05,72.81,48.56
1128.32,267.91,151.63,953.86,73.85,47.61,74.33,49.19
1103.63,264.65,157.48,951.09,73.36,46.49,73.42,48.50
1107.88,266.18,155.85,946.74,73.44,47.88,73.13,48.92
1116.04,265.42,156.64,947.68,72.34,48.72,74.07,46.44
1113.18,270.83,156.38,948.24,73.26,49.28,75.15,48.37
1113.77,265.96,153.62,943.95,71.81,47.49,73.76,48.44
1118.52,265.45,154.22,951.48,74.87,47.85,75.14,46.24
1107.63,269.71,153.80,942.82,74.10,47.15,74.10,48.78
1105.11,269.36,157.62,951.19,74.98,46.34,73.36,48.76
1116.61,264.12,157.09,948.08,75.96,48.34,74.42,48.82
1110.74,267.25,157.46,950.02,73.69,48.01,73.91,46.96
1111.89,267.61,153.21,950.63,73.92,46.92,74.76,48.37
1101.00,267.63,155.41,951.41,72.40,46.50,71.94,48.34
1096.18,263.99,152.98,951.88,74.54,48.03,73.22,48.59
1095.93,269.31,151.79,946.05,74.43,47.65,72.53,49.24
1123.00,263.33,155.34,952.83,73.51,49.24,73.92,47.41
1109.80,268.07,152.70,948.94,74.90,48.40,74.43,48.62
1092.56,272.13,153.30,950.38,74.21,47.94,73.66,50.55
1093.48,264.22,154.06,953.58,73.16,46.89,73.83,46.83
1088.69,268.79,150.08,946.68,72.90,47.48,72.98,48.44
1109.32,270.88,157.55,951.77,73.70,46.08,73.94,45.64
1119.44,264.06,157.07,950.69,73.85,46.98,75.14,48.19
1102.20,269.36,156.95,948.31,73.82,47.47,73.72,47.34
1113.34,267.65,155.50,947.14,73.83,47.71,72.98,48.46
1116.22,266.91,153.87,942.00,74.48,46.64,73.26,48.11
1109.61,267.09,153.90,945.05,74.71,48.55,73.89,47.48
1115.18,267.61,154.00,947.17,73.51,45.65,73.51,48.24
1114.21,269.59,156.76,949.75,74.33,47.90,74.02,49.58
1113.04,267.23,158.05,948.48,73.98,47.96,73.01,48.00
1117.92,265.60,157.52,947.16,72.78,48.23,73.51,47.78
1110.65,266.63,154.53,954.01,74.08,48.82,74.29,48.47
1131.79,269.21,153.15,950.21,73.72,48.53,73.09,49.42
1107.84,268.47,155.48,946.21,73.47,46.79,74.21,48.01
1113.93,265.34,158.12,948.89,72.91,48.19,73.29,47.85
1113.24,269.18,156.57,947.22,74.02,47.47,73.45,47.65
1112.69,267.39,151.98,951.23,73.88,48.19,72.50,48.13
1101.73,263.44,157.90,946.71,75.47,46.93,74.89,47.35
1108.53,267.45,153.05,951.02,75.85,47.52,72.95,48.83
1108.50,267.22,155.41,949.36,73.25,46.90,72.97,48.78
1116.60,268.24,158.88,941.90,74.58,47.13,74.48,48.66
1110.68,270.50,154.90,946.24,74.64,48.68,73.03,48.11
1112.74,264.13,154.41,949.10,73.36,50.10,73.16,47.77
1106.31,266.32,153.54,951.36,74.70,47.81,73.41,48.92
1107.34,264.25,153.12,946.60,73.50,48.91,71.20,47.64
1112.22,267.68,152.61,940.43,73.17,48.13,74.26,47.39
1106.47,270.90,155.91,941.22,73.26,48.78,74.35,48.08
1114.60,266.94,156.67,939.55,73.58,47.18,73.83,48.19
1135.76,265.24,154.30,941.45,74.02,47.62,73.09,48.88
1107.66,270.63,155.21,941.40,75.11,47.58,72.38,49.14
1107.72,268.57,154.06,945.72,75.30,47.61,74.35,49.27
1125.27,268.95,153.36,942.38,72.82,47.81,74.76,47.58
1107.78,261.23,158.40,943.12,73.48,47.78,73.55,48.37
1110.49,264.73,148.01,949.33,73.86,46.72,73.72,47.77
1123.76,268.73,156.05,947.45,74.35,49.02,75.49,48.39
1113.83,266.11,157.01,954.26,74.98,47.98,74.21,47.28
1111.84,268.34,155.09,946.88,73.35,47.39,74.32,48.14
1116.41,268.41,154.27,944.15,73.94,48.92,71.72,47.39
1110.39,265.94,154.41,941.87,74.84,48.26,74.05,49.19
1106.77,262.85,154.71,943.41,73.91,46.80,74.01,46.99
1111.89,267.72,153.62,941.57,73.66,46.47,74.20,48.68
1110.69,267.48,155.78,949.00,74.64,47.71,73.95,49.81
1115.75,265.04,156.17,939.26,74.48,48.24,73.85,48.43
1114.19,269.41,153.11,943.44,74.29,48.32,74.36,50.09
1110.05,267.39,156.07,943.08,71.84,46.18,73.94,47.97
1113.08,263.93,156.38,938.28,75.02,48.19,73.20,47.48
1115.70,265.19,155.60,941.67,74.13,48.68,74.84,48.66
1124.43,263.33,150.74,941.55,75.15,48.24,73.64,48.14
1106.15,263.83,158.41,941.44,73.32,47.28,74.83,47.16
1105.93,262.23,157.43,948.83,72.88,46.89,74.18,48.62
1117.62,263.37,156.67,952.03,73.32,49.91,73.66,47.31
1165.65,269.48,157.81,946.73,74.42,47.85,74.74,48.96
1112.66,266.50,157.26,946.77,74.71,48.63,73.31,49.12
1124.83,264.39,157.77,943.60,75.94,45.52,73.99,49.68
1112.77,266.73,153.61,945.96,74.76,47.19,74.07,47.70
1113.62,264.73,157.14,937.67,73.85,48.27,72.40,49.19
1114.41,269.90,155.15,941.89,74.07,48.49,72.49,48.39
1109.90,263.21,155.35,941.21,74.17,48.00,73.91,48.66
1109.29,267.62,154.53,943.92,73.41,46.92,72.79,48.55
1118.49,261.96,156.10,938.77,74.49,46.69,74.01,47.13
1114.05,267.00,154.43,942.26,75.33,47.85,73.96,47.34
1190.32,265.43,157.02,938.24,74.08,47.68,73.88,49.50
1108.25,265.33,155.75,948.37,74.17,47.44,73.23,48.99
1110.47,270.70,155.98,942.94,74.49,47.68,74.23,47.13
1118.52,266.17,159.23,942.98,75.03,48.88,74.71,47.72
1117.48,263.85,157.86,942.79,74.02,47.59,74.52,47.57
1109.42,267.38,151.57,941.96,72.72,47.47,73.83,46.96
1109.36,267.75,155.04,940.23,75.53,47.64,72.57,47.38
1116.57,268.08,153.97,939.00,73.96,48.76,73.67,47.90
1109.08,264.87,152.57,941.48,74.92,48.33,74.16,47.48
1110.84,268.21,156.48,945.00,73.19,46.56,74.57,48.36
1132.53,264.47,157.29,939.02,75.00,45.97,74.64,47.21
1111.02,261.46,155.07,942.32,72.15,47.47,75.24,47.51
1123.42,265.89,155.64,944.20,73.83,47.41,74.95,47.19
1105.36,268.30,155.19,948.93,75.61,46.62,73.31,47.44
1114.08,268.17,153.65,943.31,75.20,48.73,73.36,47.59
1113.05,266.94,155.53,942.65,74.16,48.29,73.80,46.66
1112.26,269.05,156.80,946.21,75.37,47.75,72.10,47.55
1123.04,269.28,154.81,942.14,73.07,48.43,74.01,49.87
1107.73,267.72,154.15,943.82,72.21,48.27,73.17,48.80
1111.03,266.96,155.97,944.26,74.14,47.38,72.85,48.04
1120.08,269.22,156.07,951.23,73.10,46.85,73.88,47.39
1105.21,261.83,157.02,947.01,74.40,46.59,74.26,48.43
1109.30,268.07,150.90,948.89,73.94,48.32,73.80,48.89
1110.43,267.38,156.66,950.30,73.44,47.58,74.33,49.86
1113.30,263.88,156.85,946.37,75.66,48.17,73.09,47.41
1110.80,267.56,155.72,944.51,73.58,46.89,73.38,46.85
1104.61,266.77,154.65,940.63,74.17,45.13,74.54,47.88
1109.17,266.76,153.18,947.26,73.70,46.20,75.05,47.52
1116.33,266.08,153.18,942.58,73.32,48.95,74.54,47.09
1115.60,266.74,153.49,941.34,75.08,48.26,72.72,48.44
1107.06,264.15,158.50,945.40,74.87,48.86,73.36,49.16
1107.27,264.42,153.45,942.13,74.65,47.61,74.18,48.69
1115.57,266.76,153.62,944.19,73.17,49.04,73.57,47.62
1151.28,270.67,157.48,940.88,74.18,47.41,73.99,47.48
1112.41,262.85,157.83,941.58,73.20,47.49,73.28,49.24
1117.17,266.60,156.38,944.39,73.80,47.38,73.41,48.36
1115.25,266.14,156.82,946.31,74.14,47.29,73.91,47.38
1114.28,266.97,154.65,951.54,73.70,49.16,72.82,47.65
1112.32,269.15,157.65,952.57,74.32,45.88,72.28,48.73
1111.57,265.22,155.94,946.55,74.46,48.11,73.79,47.97
1118.54,267.46,152.82,951.97,72.43,48.08,75.11,48.68
1113.18,270.69,156.79,945.65,74.20,46.02,72.53,47.18
1116.08,267.97,157.48,941.73,74.39,46.99,72.71,47.97
1107.51,265.55,158.62,952.03,74.24,47.51,73.39,47.72
1114.85,269.93,155.67,947.94,73.70,47.19,73.00,47.91
1125.06,266.80,152.47,949.29,74.65,48.36,73.51,48.62
1112.26,271.45,155.18,945.20,73.80,48.23,73.63,47.55
1108.39,270.11,156.41,937.61,75.05,46.82,73.57,47.87
1110.88,270.43,156.64,938.40,73.95,47.44,72.82,49.89
1117.45,269.74,153.34,942.75,74.70,47.41,74.35,47.42
1113.04,268.93,154.56,942.92,74.52,48.11,73.63,49.19
1105.48,270.52,156.10,934.44,72.46,46.51,73.98,49.15
1124.68,267.32,155.41,942.89,75.88,48.99,72.63,46.79
1114.43,267.20,154.46,943.70,73.51,49.12,74.24,47.41
1108.55,269.35,153.61,938.24,74.73,46.86,73.44,48.34
1112.61,264.18,154.49,948.24,74.36,46.46,72.53,47.83
1112.64,266.63,155.89,939.70,74.55,48.26,74.10,47.44
1124.07,263.13,155.57,949.75,74.76,47.91,75.72,47.83
1112.47,266.55,155.29,946.50,75.25,49.18,73.63,48.29
1105.60,266.37,158.16,950.97,75.46,45.49,73.54,47.23
1115.29,267.29,156.70,945.56,74.08,47.25,73.91,47.12
1179.78,265.63,158.13,944.23,74.13,48.03,73.12,49.05
1111.31,267.02,155.47,944.25,72.92,47.72,74.35,48.49
1116.51,262.98,160.08,941.32,74.02,47.55,73.01,47.49
1118.03,267.97,157.37,945.23,74.04,47.19,73.61,48.49
1114.33,264.21,155.81,943.27,74.65,48.27,73.67,48.29
1119.13,268.59,154.36,942.02,74.80,47.38,73.48,47.25
1118.81,269.84,156.58,946.06,73.69,47.13,72.69,47.29
1118.78,269.58,155.01,951.93,74.81,47.68,72.34,48.63
1110.14,267.62,154.99,945.85,73.67,48.14,74.20,48.11
1117.70,263.43,158.35,938.80,73.57,47.42,73.14,48.44
1152.25,267.36,154.21,948.22,73.63,48.56,73.79,48.79
1117.14,266.89,157.92,942.27,73.48,48.21,72.91,46.69
1118.38,265.56,154.79,946.48,75.46,46.54,72.88,47.87
1116.66,266.01,156.58,946.77,73.95,47.68,73.76,46.72
1113.78,266.14,152.82,944.81,74.37,48.75,73.04,47.47
1112.83,267.78,157.80,942.20,73.77,47.67,73.80,48.10
1114.46,268.57,152.88,950.80,74.16,47.77,73.53,47.81
1117.83,266.83,153.71,945.77,74.30,48.16,74.35,49.80
1124.64,265.85,158.02,948.66,71.86,49.27,74.07,47.87
1160.44,271.21,156.23,944.45,74.35,47.12,72.97,48.24
1109.89,268.46,156.57,949.43,72.54,47.70,72.81,48.80
1109.76,270.50,159.47,948.11,73.66,47.58,73.45,47.72
1110.37,270.40,156.67,950.95,74.77,48.50,72.81,48.53
1119.13,263.23,157.55,945.40,74.02,49.67,74.43,48.33
1112.41,269.03,155.21,944.80,73.42,48.70,73.28,47.71
1106.65,272.52,155.47,945.79,74.57,49.14,73.32,47.19
1121.53,266.41,157.71,946.57,73.50,46.73,73.64,47.42
1112.74,269.16,153.18,941.28,73.91,47.90,75.30,47.74
1112.35,266.60,155.07,947.98,74.43,47.42,74.20,48.17
1114.50,267.79,155.86,948.15,75.96,47.70,74.26,48.56
1107.57,264.93,158.38,941.61,72.94,47.42,73.22,49.41
1111.04,268.61,152.96,946.55,73.67,48.19,73.12,47.26
1109.17,270.04,154.62,943.84,73.23,47.96,74.49,48.46
1114.46,268.34,155.95,946.65,72.88,48.11,73.14,47.81
1121.34,272.52,154.41,947.88,75.18,48.20,74.40,47.41
1117.81,267.76,157.61,949.25,74.23,49.28,73.23,49.01
1108.20,265.01,152.01,946.62,73.12,48.03,74.55,47.94
1113.27,267.15,156.08,943.30,73.63,48.21,74.30,47.62
1126.04,269.29,151.97,946.65,74.35,48.10,74.59,47.72
1088.21,265.86,156.48,959.03,75.06,46.46,73.95,47.91
1088.96,266.57,154.85,949.74,73.47,47.90,74.93,47.41
1097.98,263.93,153.95,948.27,72.97,47.84,74.49,49.44
1116.30,269.15,150.72,950.38,73.03,47.49,75.24,46.83
1115.75,269.06,155.32,945.46,73.60,46.13,74.35,49.76
1085.63,268.50,155.41,945.26,74.49,48.73,76.04,47.72
1094.51,267.68,152.44,942.56,74.99,48.29,74.77,45.90
1094.17,266.32,153.92,949.78,74.74,47.55,73.72,48.53
1110.71,268.63,153.54,939.12,73.41,45.95,71.99,47.78
1117.24,263.54,155.73,941.05,73.57,48.14,74.70,48.60
1122.57,262.71,155.76,939.42,75.36,46.92,72.63,47.93
1111.87,266.96,153.20,943.79,73.89,47.15,74.73,48.86
1110.59,267.56,153.90,942.02,73.22,47.22,74.67,47.39
1106.50,267.25,157.12,943.86,73.20,47.74,73.86,49.55
1123.26,268.72,151.04,937.22,74.37,47.08,74.24,48.32
1115.82,268.90,152.32,941.67,73.28,46.82,75.11,47.38
1158.97,267.82,152.42,944.88,75.02,47.47,74.49,49.04
1108.41,269.52,156.26,937.97,71.71,46.41,72.28,47.96
1115.15,269.49,157.52,941.08,74.02,48.23,71.77,48.63
1116.27,264.94,157.12,940.99,73.86,49.01,73.98,49.09
1105.08,266.83,152.00,951.81,75.25,49.76,73.66,46.95
1116.46,270.03,154.08,940.30,73.76,48.17,74.96,48.72
1114.27,266.24,158.19,947.56,72.68,48.20,74.98,47.12
1113.08,269.00,153.54,947.56,74.61,47.25,76.18,47.55
1192.39,265.32,156.14,937.00,74.18,48.23,75.09,49.53
1112.88,267.43,151.50,941.76,73.36,48.24,73.66,46.93
1109.17,267.81,153.84,936.51,73.26,48.50,74.70,48.53
1114.30,267.92,157.97,943.84,73.26,47.59,74.35,49.18
1110.56,266.99,155.53,947.01,73.75,48.44,72.92,46.62
1116.04,268.84,151.92,950.10,75.18,47.87,71.90,46.62
1112.76,267.91,153.59,943.96,74.01,49.86,73.85,48.27
1118.98,270.69,153.68,946.71,74.07,47.71,73.91,46.62
1111.09,265.14,156.95,939.68,73.53,47.70,73.28,48.40
1033.82,268.01,156.23,941.01,74.86,48.68,73.32,47.88
1113.99,270.30,158.16,943.87,73.58,47.45,73.63,49.51
1117.62,266.44,156.25,945.33,74.23,48.00,71.99,47.80
1111.78,264.24,157.75,943.87,74.11,48.43,74.32,47.55
1112.28,264.39,155.16,941.68,75.43,46.49,73.29,47.47
1089.72,271.08,156.07,946.18,74.35,47.49,71.80,49.35
1089.98,262.90,155.19,952.16,73.55,47.90,71.65,48.88
1088.72,267.61,156.23,940.57,72.98,49.15,73.98,46.00
1109.79,266.53,153.54,947.10,74.99,45.91,72.13,48.98
1093.98,264.24,156.26,952.57,73.99,45.78,74.59,48.01
1086.29,264.74,152.58,952.39,73.58,48.98,74.35,48.46
1089.31,269.12,151.13,950.25,73.29,47.58,73.66,46.31
1117.20,262.71,158.13,954.79,75.17,48.14,71.36,47.36
1124.17,266.11,152.42,949.30,72.43,48.08,75.15,48.30
1114.46,269.13,155.44,947.42,75.09,48.20,74.57,47.47
1116.70,265.85,156.00,947.22,73.85,48.13,74.21,48.43
1128.49,266.51,153.92,942.95,72.75,48.44,72.78,48.01
1112.82,267.36,153.83,946.38,74.40,47.72,74.01,47.13
1116.07,265.89,154.00,939.98,74.16,47.71,73.32,48.39
1116.38,266.47,152.77,943.11,73.72,46.89,74.49,47.36
1128.81,267.89,152.32,947.73,74.65,48.33,74.90,47.98
1114.52,267.07,154.34,946.60,73.64,47.57,74.33,49.27
1113.26,260.84,155.67,943.56,74.51,49.06,72.69,46.69
1111.51,263.08,165.87,934.96,73.48,49.14,73.70,47.58
1117.48,264.58,152.06,943.35,74.36,46.49,74.10,49.54
1112.76,265.53,155.82,935.81,73.50,48.42,73.25,47.87
1114.82,265.70,154.77,944.88,74.74,47.13,72.32,47.67
1113.30,266.27,155.22,946.80,73.57,48.50,73.23,50.42
1088.76,263.52,157.31,942.62,74.29,47.29,73.10,48.08
1095.75,268.27,152.48,942.48,74.29,47.00,74.90,46.83
1092.78,264.41,156.61,943.44,73.77,48.62,74.61,47.90
1105.77,262.10,155.42,941.58,73.48,47.19,73.96,48.34
1117.31,266.12,152.04,942.35,73.69,46.70,74.95,49.45
1115.70,267.26,151.38,944.19,73.98,50.53,73.96,47.16
1123.53,266.32,151.31,950.56,75.24,47.34,74.37,48.96
1117.49,262.95,152.10,952.52,73.19,47.13,74.16,47.16
1119.10,264.49,154.37,938.63,72.53,46.23,72.21,47.74
1112.28,262.94,156.11,942.66,75.11,46.30,74.77,47.93
1105.92,264.37,156.23,946.39,74.17,47.19,74.42,47.88
1115.53,264.13,154.28,946.88,74.40,46.44,74.23,46.93
1115.21,264.38,152.74,918.21,74.73,48.01,74.26,47.94
1114.02,268.83,154.66,946.31,74.13,47.31,71.06,48.66
1147.30,263.66,156.39,945.14,73.99,46.98,73.28,49.34
1109.99,266.99,154.02,943.15,74.49,48.37,73.98,49.09
1111.34,266.70,157.45,940.70,73.48,48.68,75.50,47.94
1118.54,265.30,153.45,954.11,73.14,47.25,72.71,47.88
1115.95,269.22,152.61,948.63,74.13,48.10,75.46,47.26
1115.13,266.81,153.52,943.48,75.11,47.75,73.44,47.65
1111.04,269.16,158.71,941.18,72.50,46.38,71.90,48.19
1161.99,267.02,154.56,947.45,73.26,47.91,74.83,48.33
1113.07,266.83,154.69,952.18,73.44,48.93,73.94,48.73
1110.33,269.90,155.41,947.10,74.26,49.02,74.27,48.43
1115.92,268.60,154.46,948.02,73.92,47.19,73.92,48.01
1115.47,269.00,155.16,945.69,74.64,46.82,73.48,47.62
1117.65,266.73,154.27,944.22,72.31,46.14,73.85,49.19
1116.45,269.32,154.03,937.61,75.25,46.11,73.54,49.70
1110.94,263.37,155.18,936.01,73.64,46.21,73.77,47.11
1114.27,268.83,157.23,949.64,75.83,47.71,74.64,47.16
1122.84,266.27,154.78,944.33,74.35,47.88,74.57,46.90
1142.33,266.09,154.49,938.75,73.26,48.13,75.22,48.11
1112.57,265.13,155.31,948.86,74.36,47.70,74.39,47.85
1122.88,266.02,151.07,937.78,72.98,48.66,74.52,46.76
1120.80,264.80,157.26,942.45,72.40,47.94,72.76,48.24
1123.28,268.46,154.31,945.76,75.74,48.98,75.03,48.03
1122.19,265.81,155.78,946.41,73.83,47.55,73.58,47.90
1108.45,267.30,157.15,948.19,74.27,47.58,72.62,48.70
1108.28,268.17,155.15,941.38,74.67,49.11,73.47,47.80
1110.61,264.74,156.03,940.91,73.69,48.14,73.33,48.52
1115.94,264.98,155.64,946.51,75.46,48.82,73.73,48.07
1109.49,267.58,154.56,947.46,74.64,47.94,74.01,48.42
1117.36,268.92,154.15,952.39,73.75,47.22,73.55,46.62
1124.17,266.47,153.20,948.84,74.36,47.19,73.41,47.64
1119.60,266.89,157.78,943.80,75.17,48.04,72.91,49.14
1117.30,267.45,151.87,946.52,73.53,46.90,75.72,48.53
1094.54,266.99,152.93,942.98,72.73,47.47,74.73,47.47
1120.19,265.19,152.86,938.66,75.15,46.54,72.68,49.70
1137.56,261.69,155.72,939.49,73.92,47.84,72.81,48.16
1114.37,269.18,155.35,937.54,75.08,47.74,73.69,47.57
1114.25,266.37,157.05,941.22,72.63,47.75,73.77,47.59
1120.04,267.06,154.99,943.11,73.00,47.57,73.89,48.95
1112.92,266.66,156.23,944.58,73.72,48.23,74.08,48.50
1111.40,266.68,154.09,940.62,75.36,48.72,75.14,48.76
1116.70,266.28,155.78,946.26,75.62,47.52,74.76,47.48
1128.18,268.79,152.16,946.60,74.40,48.04,73.64,47.26
1106.69,268.66,153.05,942.91,75.21,46.99,72.06,49.47
1112.82,265.46,151.53,941.86,75.34,47.54,74.02,47.22
1127.35,265.22,152.69,940.82,74.32,46.43,72.79,47.44
1107.69,270.93,153.59,939.98,73.82,48.10,74.81,47.90
1129.84,266.48,156.68,937.98,74.48,47.15,73.00,48.59
1117.18,265.27,154.27,935.46,74.17,49.68,72.95,48.26
1114.99,263.79,157.74,947.96,74.80,46.99,73.96,47.29
1119.06,264.49,157.48,952.44,74.04,48.08,73.82,47.75
1111.24,261.04,156.80,935.97,73.66,49.84,73.72,48.46
1125.62,263.18,155.48,942.71,74.39,46.80,73.72,48.42
1126.00,265.37,156.22,947.60,73.29,48.10,75.94,46.82
1108.72,267.78,152.23,939.71,73.63,48.47,72.98,47.22
1112.10,264.90,157.15,945.62,72.73,45.13,74.54,48.88
1108.32,267.95,153.75,950.30,74.51,46.17,74.70,45.84
1119.47,267.88,156.73,950.64,74.68,47.32,72.94,49.42
1119.50,266.21,156.46,943.07,73.61,48.17,72.98,47.90
1116.23,265.63,153.46,947.20,74.67,47.98,74.77,47.58
1114.84,266.30,154.15,946.90,73.77,46.67,73.17,46.28
1120.43,269.25,152.88,947.16,73.82,47.93,73.92,47.51
1113.37,266.73,152.73,944.92,74.29,48.66,74.11,48.85
1127.69,267.02,153.73,942.76,73.76,47.68,72.84,47.19
1136.84,269.57,155.04,945.10,73.42,47.65,73.48,49.11
1111.63,268.40,154.02,947.03,73.94,47.39,73.09,47.83
1115.40,242.82,155.42,937.67,72.73,46.95,74.51,45.82
1106.58,266.05,154.22,936.34,75.50,47.15,73.53,47.06
1108.82,270.34,155.98,943.99,71.56,48.60,74.29,48.70
1115.51,269.57,155.07,937.22,75.74,49.25,73.63,48.34
1118.88,268.31,152.69,938.04,73.92,46.43,73.26,46.77
1112.74,265.86,154.63,945.77,74.93,46.75,74.99,48.68
1110.34,265.27,153.36,940.65,73.96,47.15,74.93,47.65
1115.09,266.24,151.60,942.69,75.14,48.36,72.73,47.68
1109.93,267.84,153.71,940.11,73.01,45.84,74.57,47.81
1109.40,268.57,156.55,936.58,73.09,48.03,73.42,47.54
1128.92,264.70,157.49,936.95,73.69,47.87,74.40,47.12
1113.27,266.40,154.55,943.93,74.87,48.36,73.96,48.79
1109.70,271.09,154.63,939.02,74.10,46.87,74.14,47.93
1108.85,265.73,155.16,942.85,73.75,45.32,74.27,48.52
1108.66,265.53,151.73,943.70,74.99,48.23,74.27,48.60
1114.18,260.46,152.54,938.43,73.10,47.75,73.35,48.16
1112.17,265.55,157.83,945.70,71.90,48.10,76.32,48.75
1112.66,266.87,157.27,943.35,74.90,46.90,73.79,46.26
1113.68,266.50,157.42,941.37,74.21,48.96,73.32,48.91
1116.04,261.70,156.52,945.20,74.81,47.29,75.02,46.80
1117.93,265.88,157.48,932.31,73.61,47.32,73.06,48.55
1117.56,260.68,157.40,938.92,73.66,47.98,74.18,47.39
1112.08,264.61,154.87,942.00,73.44,48.29,75.17,48.06
1110.85,267.89,156.77,944.26,73.99,48.13,74.24,47.91
1113.08,267.40,156.19,947.60,75.08,48.59,74.24,47.65
1110.02,266.71,158.50,946.80,74.83,48.10,73.76,48.26
1115.59,265.52,158.71,941.11,74.80,47.61,70.93,47.16
1118.81,262.75,157.61,938.15,73.38,46.44,72.00,48.27
1096.53,267.78,153.87,943.73,73.16,47.85,73.60,48.39
1092.44,267.00,156.19,944.23,73.73,46.59,74.23,48.50
1087.24,265.39,154.55,948.86,72.06,49.63,74.10,47.41
1106.01,268.30,156.36,941.55,73.36,48.06,71.84,47.34
1087.86,266.05,152.70,946.84,74.17,46.17,74.89,46.47
1090.43,263.85,153.75,940.93,74.93,47.25,74.32,47.90
1090.55,266.74,152.52,939.62,72.25,47.22,73.50,47.28
1115.78,264.58,152.32,944.84,74.30,47.58,73.88,49.25
1119.60,265.00,156.01,945.62,74.98,46.18,74.92,47.16
1107.73,267.71,156.11,940.92,75.37,47.11,74.46,49.35
1116.33,264.68,157.96,943.89,72.10,47.47,74.45,47.11
1109.18,264.26,157.65,932.34,74.84,49.97,72.38,48.69
1113.43,263.18,156.90,939.77,72.95,48.17,73.61,47.44
1109.77,263.92,154.21,946.71,75.37,47.44,73.25,48.06
1113.74,266.67,153.64,942.32,73.66,47.83,74.46,47.77
1119.75,264.49,155.26,937.00,73.38,46.21,74.48,48.59
1115.03,267.33,154.21,943.77,73.73,48.62,74.05,47.48
1126.35,265.06,154.08,937.92,73.67,46.41,74.32,49.18
1115.60,265.29,155.12,941.27,74.27,48.01,75.20,48.01
1114.84,265.73,152.04,939.93,74.40,47.02,74.96,50.33
1107.06,263.83,154.81,938.88,72.32,49.81,73.77,47.93
1109.04,267.23,152.92,931.73,74.73,48.00,73.25,47.70
1117.56,262.61,158.28,939.77,73.95,46.36,73.63,48.49
1112.50,265.32,153.14,945.05,73.88,47.41,73.42,46.70
1109.35,270.03,156.07,943.18,74.33,46.62,75.37,46.15
1114.96,265.37,154.63,942.88,75.39,48.46,73.14,49.22
1119.47,267.82,153.02,935.94,74.43,48.73,73.55,48.06
1114.93,266.84,154.50,939.02,74.61,47.19,74.40,48.17
1116.73,265.86,157.55,940.00,72.78,46.98,73.45,47.64
1110.84,266.94,153.86,939.42,74.18,49.42,73.07,48.44
1103.54,268.43,155.37,942.12,72.22,47.88,73.82,48.95
1114.05,265.14,157.30,939.55,74.01,48.27,74.33,49.53
1114.38,265.95,155.45,941.40,74.17,47.65,74.54,48.39
1118.35,263.76,156.32,945.96,75.09,48.57,72.51,48.85
1113.02,268.79,154.69,946.35,75.27,47.55,72.40,47.55
1113.46,264.24,156.01,935.13,73.53,48.13,72.72,49.01
1111.28,269.23,157.42,944.67,72.68,47.22,73.28,48.29
1123.25,264.85,156.45,947.14,72.90,48.19,73.26,48.47
1123.12,263.69,157.31,942.10,72.46,47.67,72.54,47.48
1114.69,266.28,156.92,944.23,72.73,47.23,73.45,48.39
1109.07,264.03,156.44,942.36,74.43,46.89,73.41,47.05
1112.69,262.25,158.43,945.10,73.20,46.00,73.29,48.40
1121.68,264.64,157.36,943.47,75.31,48.13,74.46,49.58
1115.25,267.82,153.15,938.37,73.41,46.92,74.73,49.15
1112.60,266.53,154.22,944.39,73.32,48.69,74.92,48.04
1121.06,266.15,155.73,949.58,73.88,48.24,74.17,47.12
1109.89,268.84,157.15,947.78,74.61,47.18,71.77,48.24
1106.88,263.14,157.42,941.84,73.73,48.82,73.58,48.32
1110.94,264.85,154.74,939.74,75.47,48.10,73.04,47.59
1116.25,264.51,154.00,944.49,75.05,47.62,73.33,48.53
1114.84,266.41,153.61,943.59,74.67,46.62,72.87,49.90
1123.79,263.64,155.66,947.88,73.91,47.52,74.05,47.61
1110.00,269.57,152.52,942.97,72.37,48.07,74.05,47.97
1109.30,268.20,154.25,946.88,74.79,48.10,74.54,47.71
1123.44,269.02,154.05,945.08,75.62,48.21,74.40,48.86
1122.81,267.94,155.15,946.45,73.75,47.41,74.27,49.06
1122.95,263.37,157.70,949.84,74.16,48.13,73.48,49.06
1124.80,266.93,153.67,950.10,74.18,48.00,73.32,46.85
1118.79,265.65,152.91,943.05,75.28,48.04,72.82,46.60
1114.79,266.51,155.72,941.50,73.63,47.72,73.96,46.99
1109.32,267.03,154.81,946.80,74.84,48.11,74.61,46.57
1115.81,263.28,158.87,947.85,74.54,48.17,72.32,48.30
1114.85,261.48,157.83,946.41,75.59,47.78,74.54,46.93
1104.83,267.12,152.14,946.57,74.14,48.19,72.92,47.80
1099.12,260.89,154.31,946.50,73.20,47.41,73.09,47.58
1107.44,268.10,151.00,950.31,73.94,46.90,74.49,46.10
1107.68,267.49,155.70,942.04,74.30,48.06,74.74,49.16
1109.86,265.03,156.23,949.30,73.79,46.92,74.32,47.85
1115.03,263.21,155.94,950.53,73.36,47.22,72.40,48.11
1111.40,268.73,153.37,953.22,73.53,46.64,72.24,47.02
1116.57,265.45,153.58,952.29,74.76,47.90,74.36,47.41
1117.81,269.13,156.39,949.62,74.08,46.80,74.62,48.68
1110.74,267.46,157.43,953.08,73.13,47.00,74.01,48.69
1107.24,272.00,158.11,951.03,75.40,48.08,73.47,48.44
1111.78,268.90,155.10,951.90,74.39,48.82,74.93,48.34
1124.33,269.94,154.36,949.19,74.21,46.66,74.35,48.33
1166.25,265.81,154.31,954.14,73.61,48.03,73.10,48.75
1113.64,268.34,154.85,951.42,75.11,45.68,73.07,48.19
1125.90,267.91,155.06,953.87,72.82,50.07,73.88,48.26
1156.40,270.08,155.57,950.27,74.04,47.93,74.24,46.30
1114.11,264.70,155.15,947.91,74.14,47.96,73.98,48.19
1110.80,269.19,156.64,948.53,75.36,46.98,75.06,49.81
1120.35,269.18,158.18,952.82,73.54,46.20,75.91,48.21
1115.26,263.95,157.61,948.68,74.26,46.47,73.01,47.67
1120.43,266.12,156.27,949.97,74.08,48.62,73.69,49.02
1108.82,266.02,153.33,948.07,73.48,47.55,73.91,48.86
1125.14,266.58,153.13,957.24,72.37,47.29,73.80,47.45
1116.16,268.86,153.73,959.42,74.74,47.02,75.00,48.08
1116.41,267.17,151.63,946.98,74.65,47.68,72.90,47.31
1118.34,263.93,156.96,954.78,73.12,48.78,73.54,46.00
1138.35,265.68,155.92,954.19,74.20,47.34,74.54,48.95
1113.52,266.53,153.30,953.78,73.64,46.75,75.12,48.30
1110.85,270.53,154.85,949.91,73.09,47.59,73.99,48.27
1109.70,266.86,158.08,950.67,73.19,48.46,72.31,47.74
1115.34,268.54,157.90,953.57,73.92,47.32,73.51,48.01
1115.73,264.25,158.37,943.79,74.40,48.57,73.88,48.92
1110.81,264.25,152.51,949.40,75.03,48.07,74.26,48.95
1116.89,270.85,153.59,945.90,72.22,47.49,73.73,46.85
1116.23,266.63,155.44,946.83,75.24,48.40,74.37,46.95
1121.14,266.19,156.60,946.08,74.45,48.60,72.79,50.23
1113.97,267.55,154.30,953.25,74.04,47.32,72.94,47.65
1110.27,267.49,153.61,951.65,72.88,48.43,73.95,47.54
1111.76,270.27,157.45,943.07,73.12,48.30,73.32,47.98
1111.76,263.00,158.75,948.45,73.66,46.93,71.81,48.83
1118.56,264.60,156.89,949.74,74.59,49.25,74.36,47.34
1115.01,264.25,157.62,945.57,72.46,48.60,73.98,48.65
1160.23,256.85,153.89,944.71,73.16,47.34,73.96,48.08
1104.12,267.92,156.74,948.51,74.02,48.50,73.53,46.72
1112.17,265.36,157.97,945.13,73.51,47.97,74.18,46.13
1114.02,264.85,156.63,945.46,73.28,47.81,74.39,46.83
1122.35,262.52,156.08,945.75,74.40,49.04,73.96,48.44
1117.45,268.66,156.82,950.25,74.04,46.99,73.39,49.31
1127.06,266.08,153.90,948.84,73.04,46.11,73.19,48.47
1112.95,266.11,154.12,950.83,74.36,46.41,73.16,48.39
1110.28,269.32,155.83,947.11,73.73,47.72,73.76,47.47
1110.14,266.06,156.25,946.13,73.31,47.08,73.38,48.16
1113.55,266.53,154.90,946.96,74.08,48.17,74.52,48.30
1112.35,264.32,158.02,949.69,73.51,47.77,73.45,47.87
1109.65,264.01,156.11,942.76,74.64,47.58,73.42,47.93
1117.04,261.28,155.40,942.68,73.17,47.62,71.47,46.44
1128.24,267.38,157.89,945.65,73.72,46.57,74.43,49.01
1129.91,265.42,157.90,940.65,73.70,46.60,73.75,47.41
1109.20,268.15,155.18,941.71,75.44,48.08,73.25,48.57
1110.83,267.15,156.98,950.00,73.79,47.90,74.04,49.01
1113.67,266.99,154.69,938.93,74.08,48.21,72.98,47.28
1116.42,267.98,156.14,942.59,74.02,47.32,76.10,49.35
1107.51,263.93,156.71,944.48,73.07,46.98,74.13,46.79
1120.51,264.65,158.63,947.55,74.39,48.29,74.57,47.52
1119.61,267.45,155.19,949.51,73.57,46.11,75.17,49.40
1106.99,270.44,154.82,946.51,74.92,49.40,73.99,49.47
1111.19,265.76,156.57,947.58,74.36,47.97,73.31,48.20
1112.11,265.01,159.44,949.52,72.91,48.52,74.90,47.23
1112.28,265.68,155.79,948.96,73.39,48.78,74.33,47.29
1107.51,265.94,154.78,951.41,74.14,47.32,73.83,49.54
1113.20,265.36,156.27,952.37,74.04,49.45,73.35,48.49
1119.83,261.08,156.19,945.11,73.95,48.98,75.09,47.72
1120.73,262.68,156.95,946.05,73.22,48.40,72.51,49.08
1115.82,268.02,155.64,946.21,73.12,49.11,74.71,49.11
1124.35,267.46,151.00,947.07,73.70,49.19,73.51,49.22
1116.57,267.72,151.92,934.47,74.02,48.39,73.64,49.21
1111.22,268.93,157.04,948.79,73.75,47.25,74.10,47.31
1117.18,262.55,155.54,946.03,73.47,47.25,73.96,49.51
1125.71,265.89,158.25,944.02,72.98,47.42,76.72,47.08
1110.78,269.31,154.30,948.96,74.10,48.20,74.76,48.92
1120.54,263.82,156.92,940.30,73.94,47.35,74.02,47.75
1113.58,269.87,154.36,944.68,73.80,47.09,73.58,48.50
1117.71,264.67,150.53,941.09,73.76,47.80,74.95,50.12
1114.84,267.17,152.01,943.59,74.40,47.85,74.54,48.46
1123.69,263.57,157.70,945.41,73.80,47.06,73.03,46.69
1115.86,266.37,150.96,944.78,74.46,47.03,73.13,48.56
1113.73,264.48,152.85,951.28,75.21,48.49,73.95,47.47
1112.55,266.27,154.82,943.60,75.06,47.98,73.09,47.77
1112.89,264.68,154.74,944.09,74.16,48.65,73.64,48.57
1109.43,265.46,151.73,939.93,74.26,47.72,72.94,48.26
1115.56,267.20,154.36,945.01,74.52,48.23,74.67,47.81
1109.73,266.01,154.44,945.10,75.42,47.34,73.26,47.64
1112.51,267.66,154.74,946.13,74.14,48.07,73.31,46.87
1114.60,266.55,153.78,946.48,73.77,48.69,73.41,46.56
1117.53,263.04,158.40,946.34,74.10,47.39,73.35,47.64
1112.71,269.51,156.41,944.08,72.65,46.44,72.97,48.21
1112.17,264.25,155.41,947.22,74.39,46.95,75.37,48.69
1113.73,268.23,155.06,942.40,73.57,48.24,72.62,48.66
1114.02,268.95,154.19,942.53,73.35,48.69,73.64,48.30
1115.04,266.90,156.52,944.20,74.05,46.95,72.78,48.36
1093.85,267.48,152.92,951.64,75.59,48.40,73.13,47.02
1095.12,262.77,154.81,951.55,72.79,47.31,72.72,48.82
1095.56,261.60,154.46,950.73,73.63,47.49,73.83,49.44
1091.62,269.98,153.20,937.10,72.85,48.63,73.79,49.04
1092.87,265.40,158.12,944.38,74.73,46.69,74.04,49.63
1088.34,267.58,151.98,953.31,74.21,48.26,73.72,47.41
1110.85,266.70,157.49,949.04,74.58,47.44,72.53,47.84
1116.95,266.11,156.90,942.87,72.84,48.03,73.82,48.66
1091.56,270.26,152.01,947.73,73.86,47.55,73.42,50.50
1096.44,263.66,156.58,952.76,75.11,48.52,74.57,47.28
1087.24,266.79,157.43,947.52,73.48,47.16,74.40,47.85
1091.20,263.63,153.81,950.99,75.00,48.78,71.77,48.96
1091.42,265.92,155.81,945.93,72.79,49.68,73.94,47.98
1092.51,269.42,151.00,944.75,72.28,47.35,73.51,46.43
1109.99,265.32,154.15,949.12,74.93,49.02,71.68,48.79
1130.78,263.40,158.08,946.52,72.88,48.26,74.96,47.98
1107.97,262.95,153.01,943.59,73.26,45.69,75.37,48.78
1111.46,263.44,153.17,944.72,72.95,48.59,71.56,47.88
1114.81,266.35,153.29,954.56,74.76,48.92,73.07,48.96
1122.00,265.30,156.22,942.22,73.67,48.89,73.51,46.66
1115.22,265.65,157.39,949.25,74.59,47.48,73.04,46.64
1113.32,265.72,154.00,945.05,73.83,46.67,73.57,47.55
1108.45,268.12,154.63,950.89,73.73,47.05,74.70,47.34
1111.94,264.41,154.74,944.18,74.16,46.36,74.30,45.79
1115.63,269.87,156.36,943.95,74.71,47.51,74.61,47.45
1116.23,264.73,156.49,943.38,74.32,48.11,73.35,46.89
1109.68,262.15,157.52,940.36,74.43,47.48,73.60,46.89
1110.08,264.08,152.36,946.67,72.97,48.04,75.20,47.41
1120.82,262.88,155.95,948.81,74.27,47.39,75.12,48.27
1114.41,265.06,157.62,947.22,73.86,47.47,73.83,47.06
1115.44,264.49,156.64,947.75,74.26,47.28,73.03,47.80
1121.08,263.28,157.55,950.04,73.61,47.38,72.69,48.06
1114.25,264.70,155.37,944.65,74.42,48.03,73.91,49.54
1140.34,264.51,156.23,941.41,75.05,46.67,73.66,48.49
1116.86,266.84,156.17,945.18,74.36,46.89,74.33,48.00
1113.55,264.26,158.15,948.27,73.76,47.44,73.77,46.90
1111.35,268.50,153.64,947.36,75.80,48.43,73.06,47.08
1124.36,268.96,155.95,949.87,73.60,48.19,73.22,47.94
1146.83,267.06,153.02,945.95,75.14,48.06,72.72,48.50
1119.04,268.12,152.85,947.42,75.21,49.48,74.49,48.29
1105.92,268.46,156.82,950.93,74.26,48.29,74.36,47.13
1110.91,266.21,154.94,944.87,73.83,49.97,73.03,48.07
1117.78,265.03,153.73,947.81,73.47,48.36,74.42,46.98
1117.93,267.32,156.49,945.43,73.29,47.81,72.53,47.61
1116.44,267.59,152.48,943.69,73.44,47.83,73.12,48.73
1110.66,269.75,152.60,944.39,74.18,48.70,72.97,45.68
1111.16,269.72,155.53,952.29,74.16,48.07,73.09,47.12
1115.76,266.83,152.14,948.76,73.09,47.02,74.30,47.61
1121.58,267.76,158.03,946.91,73.14,47.68,74.64,48.43
1115.31,270.50,157.02,949.42,73.20,49.74,73.44,47.98
1109.04,268.50,155.82,949.30,73.07,48.42,73.99,48.20
1115.95,266.87,151.62,946.55,73.36,47.65,73.39,46.90
1119.06,266.80,157.97,949.61,74.04,46.59,73.70,48.17
1115.76,262.39,154.43,943.76,73.44,46.69,74.80,47.80
1113.30,268.54,152.95,945.30,73.60,46.50,74.26,49.57
1113.61,264.09,152.77,947.14,75.83,46.95,74.13,47.74
1116.32,266.76,155.62,954.50,73.53,46.76,73.47,46.47
1112.63,266.97,152.69,951.84,74.74,46.93,73.55,48.73
1130.45,266.96,152.36,946.47,75.02,48.72,72.88,48.04
1117.48,265.01,155.56,946.12,74.11,47.25,74.65,47.38
1109.92,265.99,155.59,946.87,74.76,47.47,72.98,48.55
1110.69,264.98,156.95,945.82,74.30,48.37,73.94,47.55
1113.55,262.20,156.99,945.54,73.33,47.98,74.24,50.68
1116.60,264.22,152.85,947.68,73.55,47.12,73.95,48.72
1113.93,266.58,153.40,952.31,73.13,48.42,74.14,47.55
1116.14,264.88,155.92,947.11,73.00,48.82,73.61,46.40
1110.43,262.68,156.98,945.72,73.53,47.75,75.49,47.81
1111.21,264.34,158.11,950.25,73.16,48.65,74.27,49.29
1110.12,261.37,152.69,948.74,73.98,48.00,73.14,48.93
1113.34,267.98,157.83,947.26,74.33,47.62,74.54,47.15
1110.05,267.46,156.90,947.60,74.16,48.33,74.71,48.14
1117.39,267.63,152.03,945.92,72.43,47.85,74.64,48.92
1112.30,266.31,155.44,950.87,73.41,47.16,73.99,48.85
1114.09,263.75,155.03,949.53,74.36,46.17,74.11,49.53
1115.42,263.75,155.01,943.43,74.18,48.55,73.13,48.95
1113.62,262.42,156.98,951.39,75.11,47.65,73.38,50.22
1108.57,261.67,157.90,942.09,74.64,48.07,72.56,48.21
1110.62,268.41,156.66,951.08,73.76,48.36,73.51,49.12
1116.19,270.50,155.21,950.02,74.16,48.20,73.48,49.22
1121.25,268.17,152.28,941.02,72.76,47.75,72.95,47.03
1105.16,268.27,154.09,945.57,72.85,47.29,73.04,48.39
1121.84,267.33,154.60,948.60,74.24,48.27,74.37,48.19
1113.11,267.27,153.46,947.29,74.17,47.59,74.36,48.89
1120.49,264.88,153.52,943.99,74.35,46.62,73.61,47.61
1113.75,263.13,154.52,949.75,74.04,46.70,74.23,48.70
1120.08,265.85,154.93,945.20,73.82,47.67,74.10,49.09
1117.55,263.18,152.79,947.55,72.69,47.47,74.11,49.22
1117.97,264.47,156.85,953.47,73.83,47.29,73.94,47.96
1135.98,264.75,157.87,941.66,73.70,48.78,73.16,48.16
1110.09,269.52,154.40,950.87,73.36,48.40,72.98,48.24
1111.78,267.75,154.53,954.13,74.87,48.66,73.26,47.59
1111.09,266.74,155.09,949.03,75.44,46.49,74.23,48.98
1120.68,267.68,155.92,952.26,73.77,48.29,73.12,47.77
1121.87,265.07,156.73,948.41,73.88,47.19,74.05,49.01
1114.75,267.19,152.36,953.05,74.23,48.14,72.65,47.68
1106.81,267.04,156.51,949.13,74.49,48.43,75.46,49.15
1109.13,267.63,156.11,944.15,72.72,47.06,73.92,49.04
1119.64,265.88,154.46,945.99,75.11,48.44,73.07,48.19
1113.71,267.48,154.74,949.68,73.58,48.34,73.64,49.14
1104.47,270.54,156.35,953.78,75.77,46.36,73.89,47.23
1109.87,265.37,155.03,949.07,73.39,47.22,72.46,47.05
1112.41,263.73,156.86,944.32,74.17,48.00,73.36,47.94
1110.84,263.99,157.84,951.78,74.51,46.30,73.09,47.19
1118.38,262.85,153.75,950.05,73.92,49.21,74.24,46.62
1104.35,266.90,153.39,950.34,73.14,46.43,74.29,49.80
1112.36,267.79,157.17,945.76,75.46,46.89,73.96,47.31
1113.71,262.74,162.16,943.73,73.47,46.01,73.66,47.77
1110.62,265.95,158.21,939.81,73.57,47.39,73.41,47.41
1114.34,265.99,157.53,942.66,73.38,47.70,73.00,49.11
1116.54,264.91,152.91,945.18,74.58,49.09,74.64,48.30
1110.62,266.84,156.49,945.49,73.70,48.56,74.20,48.26
1105.84,268.41,153.37,945.66,74.11,47.13,74.32,47.62
1107.90,265.72,156.51,942.62,74.58,47.34,73.45,46.92
1107.43,267.88,158.08,948.05,75.18,48.72,73.76,46.33
1118.02,269.00,155.22,946.31,75.59,47.03,73.36,47.77
1109.10,268.67,154.69,945.53,74.38,46.72,73.70,49.61
1113.97,264.77,153.45,947.26,74.40,48.49,72.35,47.83
1110.61,268.34,154.34,949.07,75.77,48.83,73.35,48.06
1116.51,267.52,156.20,948.04,73.80,47.23,74.13,47.48
1115.59,264.61,158.46,944.81,73.38,46.59,73.95,48.59
1120.80,267.03,157.87,951.80,75.11,48.43,73.67,47.81
1122.65,263.56,157.36,944.81,73.91,47.08,73.91,48.20
1112.82,265.32,157.81,947.86,73.07,48.19,74.79,48.43
1163.02,265.06,160.46,947.81,73.91,48.10,74.71,47.59
1113.05,269.06,151.25,948.55,73.54,47.96,74.16,48.46
1115.50,264.87,155.03,947.19,75.14,48.19,73.66,47.97
1105.32,266.31,157.42,951.52,73.25,47.45,74.02,47.67
1112.41,264.90,152.96,940.56,73.51,47.77,74.48,47.67
1117.53,264.67,155.19,946.84,74.92,48.14,75.05,47.29
1115.47,266.71,153.67,948.40,73.69,48.37,74.10,49.25
1112.51,267.17,154.15,951.41,74.64,46.15,74.05,48.96
1122.29,262.35,154.84,951.29,74.71,48.57,74.29,49.70
1115.81,261.47,155.82,951.22,73.67,47.13,73.83,46.15
1111.75,268.05,154.31,949.30,75.08,47.98,72.60,48.44
1105.11,269.55,155.69,947.68,72.75,48.03,73.64,47.02
1111.43,266.38,155.18,947.22,73.47,48.01,73.89,47.83
1106.36,263.89,152.22,948.91,75.72,49.34,75.83,47.48
1114.02,266.19,158.96,949.42,73.54,48.69,73.51,48.39
1106.50,262.88,157.61,940.70,74.58,48.95,72.46,48.32
1092.71,270.49,151.66,950.69,74.33,47.08,73.25,48.95
1094.55,265.53,154.81,949.40,73.53,48.88,75.36,46.47
1092.31,267.98,157.74,946.91,72.51,45.75,73.47,47.06
1112.28,262.81,153.90,949.59,74.20,49.34,75.34,47.77
1115.28,264.09,157.36,949.19,72.82,48.42,74.26,47.26
1112.77,265.69,158.74,950.28,75.08,48.92,74.24,47.05
1108.85,270.21,156.33,943.97,73.61,47.83,73.23,48.57
1107.50,269.32,157.21,947.53,73.22,47.85,73.66,47.57
1105.73,265.01,155.19,950.70,75.21,47.57,73.85,47.54
1114.93,267.95,155.23,951.58,74.01,48.53,74.04,48.34
1116.93,265.34,157.83,941.04,74.61,47.08,74.49,48.80
1109.49,267.39,157.29,949.51,73.48,48.60,74.02,50.04
1111.87,266.19,154.17,944.71,71.96,47.52,74.54,46.43
1127.80,269.95,152.86,951.19,74.13,49.35,73.95,48.55
1113.74,267.23,152.48,954.26,74.27,46.99,73.83,48.70
1110.40,265.91,156.30,945.05,73.82,48.10,75.31,48.46
1109.17,268.61,153.55,956.07,74.48,46.59,72.21,50.04
1104.78,268.77,155.89,949.85,73.39,49.31,73.89,48.26
1102.01,267.79,156.30,939.67,73.41,47.77,73.45,48.26
1100.12,270.73,152.66,947.89,74.74,48.43,73.28,48.36
1088.47,266.51,156.95,949.45,73.96,49.16,73.72,48.11
1094.58,266.01,153.15,952.88,75.88,47.19,73.01,48.49
1116.82,269.13,155.09,947.36,72.44,47.48,73.39,48.59
1110.43,265.39,152.23,945.92,74.05,47.78,74.21,48.63
1111.19,266.55,150.85,943.20,72.82,47.28,75.88,46.75
1125.34,264.55,157.39,946.21,73.35,47.25,72.94,47.38
1125.84,264.29,154.11,948.61,73.14,48.78,75.02,47.85
1120.70,267.69,152.57,937.77,74.62,47.39,75.17,47.84
1119.06,267.17,155.26,947.81,73.31,46.28,73.70,48.29
1091.83,269.42,153.15,957.41,73.98,46.31,73.29,49.12
1095.56,263.08,156.96,949.26,74.23,47.45,72.69,47.31
1090.17,263.11,155.22,952.90,73.60,48.55,74.98,47.22
1090.92,263.89,152.98,950.64,74.86,48.21,73.75,49.15
1097.99,267.43,152.54,950.15,74.59,48.36,72.28,47.47
1095.28,268.79,152.88,946.54,74.42,48.88,73.51,47.48
1109.46,262.81,156.79,944.92,75.30,48.89,74.81,48.98
1106.65,266.60,153.27,950.57,73.44,49.48,74.01,49.02
1088.85,265.20,153.80,952.98,73.31,46.34,72.65,48.62
1088.05,270.89,154.03,945.53,74.07,46.47,73.28,48.73
1111.44,266.55,153.14,944.39,74.10,47.70,72.53,47.62
1110.33,264.55,153.89,944.12,72.71,47.72,74.17,48.21
1108.45,265.55,154.08,954.65,74.64,48.27,73.10,48.19
1092.02,269.67,150.58,953.15,74.55,47.06,73.67,47.09
1096.79,264.24,152.73,949.23,72.32,47.65,71.84,48.98
1095.47,264.42,152.89,951.57,73.26,48.06,73.88,46.59
1113.21,265.42,157.49,946.35,73.31,47.16,74.26,47.11
1119.50,261.77,154.06,946.52,74.13,47.78,73.35,49.61
1112.08,267.38,156.73,948.30,74.27,49.67,73.64,47.98
1114.55,268.97,151.98,947.39,75.59,48.24,73.12,48.34
1095.03,261.53,153.21,948.55,73.73,47.75,74.02,47.18
1098.97,262.29,152.38,944.77,72.66,47.34,73.80,48.52
1091.42,269.72,154.18,949.89,74.05,49.14,74.67,49.25
1094.52,266.40,152.41,943.23,72.90,47.59,72.81,48.99
1092.32,267.62,152.55,939.22,74.29,47.25,72.97,46.75
1094.40,266.06,152.44,942.72,73.73,47.80,73.75,47.28
1093.99,261.33,152.39,945.82,72.98,48.20,72.19,47.02
1087.40,266.38,151.03,947.75,75.14,47.98,73.53,48.98
1093.85,267.55,156.57,944.90,73.50,48.93,73.76,48.19
1112.69,264.84,153.08,945.27,75.61,47.75,73.96,49.16
1146.14,265.45,157.23,942.06,74.49,47.88,74.58,47.57
1117.07,265.88,155.76,939.55,72.95,46.30,71.80,49.76
1117.24,261.93,157.04,943.31,75.17,48.17,74.32,49.73
1114.53,263.13,151.60,940.92,73.14,47.18,72.72,47.97
1114.84,265.78,155.25,943.99,73.67,47.36,75.56,47.97
1154.86,267.13,155.79,945.95,74.39,48.36,73.25,48.19
1103.43,265.03,152.36,947.33,74.17,45.45,74.20,48.30
1094.32,262.88,155.26,942.23,74.52,48.99,72.49,46.63
1092.28,266.81,155.57,943.53,73.83,47.21,73.48,48.13
1098.34,266.89,152.29,945.62,74.07,47.72,73.63,47.97
1127.14,270.16,152.95,942.92,72.69,47.83,73.70,48.57
1100.92,269.82,151.98,942.97,74.52,48.83,73.96,49.44
1093.48,266.11,154.22,943.47,72.49,47.05,74.13,48.29
1059.35,265.60,156.22,942.97,74.54,49.29,72.32,47.45
1109.99,258.45,155.75,945.29,74.07,46.99,74.62,47.49
1112.01,268.70,155.04,943.59,74.27,48.42,73.12,48.78
1106.94,262.55,157.52,943.73,72.60,48.29,75.00,47.83
1097.47,264.60,154.65,948.43,72.68,47.94,72.47,47.28
1100.72,265.19,153.54,946.54,75.00,46.50,75.56,46.08
1096.44,267.85,152.63,949.35,73.72,48.59,74.27,48.27
1093.82,263.47,153.59,957.90,72.49,47.61,73.48,48.19
1091.36,265.96,155.48,943.93,73.35,47.21,75.03,48.47
1089.29,266.14,151.16,946.71,73.98,48.13,73.26,47.59
1111.87,264.80,155.50,945.92,73.80,47.51,73.88,47.34
1100.98,264.01,158.44,943.63,74.99,48.10,73.07,47.98
1109.65,268.33,153.32,944.41,73.95,48.52,73.96,47.93
1106.90,267.71,154.74,950.25,75.18,49.42,73.31,48.89
1110.78,264.67,156.52,943.12,73.26,48.80,74.21,47.39
1117.71,264.68,158.76,941.44,74.23,48.69,72.65,48.04
1104.03,266.80,153.89,949.23,73.20,47.21,73.48,48.59
1111.41,267.51,153.90,950.34,74.43,46.98,73.26,47.67
1108.17,265.09,154.78,950.25,74.98,48.26,73.00,46.86
1094.33,267.69,155.00,946.01,73.95,48.72,72.06,47.36
1088.57,265.49,158.56,950.57,74.17,49.38,74.98,45.72
1094.04,268.02,155.31,949.35,73.22,46.96,73.57,49.15
1095.81,264.87,155.18,946.25,74.40,48.10,74.59,47.96
1093.51,266.76,155.21,940.36,75.33,47.71,74.59,47.52
1089.31,267.13,155.31,945.95,74.05,47.25,72.22,47.47
1117.48,267.95,151.72,944.44,73.55,46.93,73.58,48.19
1115.53,263.49,156.01,942.95,74.70,47.02,73.23,48.11
1109.48,267.79,158.94,945.89,72.68,47.58,73.54,47.08
1115.22,263.52,154.22,954.60,73.61,48.39,74.10,49.74
1093.10,267.06,154.25,945.83,71.77,50.29,74.70,48.86
1089.45,268.28,152.98,940.65,72.53,46.34,73.82,48.16
1095.68,262.54,155.62,951.18,73.17,46.50,73.51,47.54
1090.36,266.76,154.85,946.86,74.24,47.64,75.06,46.90
1092.19,265.34,154.02,949.20,75.05,48.39,73.42,49.41
1095.50,268.72,155.41,907.14,74.02,48.65,71.96,48.17
1111.95,266.42,155.26,948.64,74.29,48.04,73.04,47.34
1112.92,268.63,153.67,946.42,75.37,47.26,72.44,49.31
1110.17,266.01,154.46,947.07,74.35,48.20,75.55,48.52
1109.95,262.74,156.61,948.79,73.04,48.33,72.94,46.87
1112.06,266.87,156.63,947.30,73.10,46.47,73.82,47.11
1111.50,267.45,153.61,947.26,72.76,47.49,73.25,48.92
1113.62,266.94,153.59,947.23,72.10,48.26,72.50,47.12
1113.78,267.72,155.37,949.09,74.51,47.06,72.15,47.61
1107.79,267.03,155.10,945.72,73.03,48.91,73.54,47.91
1110.72,268.92,155.62,943.27,74.16,48.08,73.99,48.01
1104.01,267.61,156.57,946.26,73.88,48.00,73.58,48.52
1114.46,264.67,158.19,948.47,73.45,47.29,74.27,48.39
1109.48,264.85,155.40,944.88,75.33,49.86,74.08,47.02
1107.82,269.36,154.79,952.07,74.38,45.59,73.17,47.23
1107.91,266.51,155.34,946.52,73.95,48.59,73.60,48.07
1107.05,266.99,148.80,943.11,72.09,49.12,73.41,47.84
1092.46,264.39,153.67,945.52,75.27,45.87,72.43,48.11
1091.81,265.63,156.11,946.61,75.97,48.47,75.36,47.58
1095.91,268.70,157.17,941.66,73.41,47.39,73.85,48.85
1094.90,269.05,152.13,944.49,72.10,47.48,74.59,48.69
1097.29,263.85,155.88,944.36,74.64,49.21,70.99,48.19
1099.71,267.84,155.07,941.73,73.20,48.49,73.61,47.11
1109.89,270.50,155.19,949.66,74.16,46.83,74.30,46.28
1098.71,265.69,152.88,945.56,72.85,47.12,74.70,48.53
1086.58,266.28,158.62,943.86,74.49,47.42,74.30,48.21
1087.93,268.34,154.41,948.80,75.20,45.88,74.64,48.42
1109.49,271.87,156.42,943.61,74.49,48.62,74.45,49.76
1097.03,271.05,152.19,952.34,73.92,47.18,73.07,48.96
1091.04,268.07,155.47,950.02,73.35,48.16,74.51,49.16
1101.17,268.07,158.08,950.23,73.64,47.25,74.16,47.49
1125.39,272.98,153.33,948.55,73.07,46.95,71.80,48.42
1122.53,269.25,158.08,953.71,72.54,46.86,73.42,48.83
1119.35,272.50,156.33,956.42,75.02,47.77,75.58,48.96
1097.35,269.90,156.27,938.69,73.33,47.29,72.68,48.52
1092.54,268.48,156.29,947.65,74.43,47.70,73.04,47.88
1098.70,266.35,159.66,952.57,73.75,48.80,72.85,47.88
1127.67,272.00,155.64,947.24,72.63,47.18,73.85,48.55
1116.86,268.37,156.68,945.47,73.63,47.51,73.58,48.03
1114.63,269.75,158.52,951.19,73.29,49.57,72.65,47.16
1108.07,267.68,157.01,953.73,73.73,49.84,75.34,46.82
1101.33,271.67,159.07,945.65,75.05,47.26,72.65,47.57
1096.22,272.20,155.00,942.61,74.45,46.56,73.76,48.57
1095.12,273.04,155.10,949.52,74.83,48.76,74.55,47.13
1100.78,267.02,155.78,957.40,71.59,47.68,75.14,47.64
1097.98,270.67,155.86,952.47,74.23,47.51,74.84,46.00
1098.04,266.28,154.87,949.26,73.66,47.67,72.79,48.23
1091.36,272.69,159.22,946.73,74.32,45.52,72.37,47.47
1089.38,271.52,154.41,944.90,74.23,46.53,74.49,47.57
1095.55,270.65,154.44,947.78,74.55,48.96,73.72,48.88
1104.98,273.44,155.91,951.19,75.30,48.53,73.25,48.01
1103.98,270.20,157.15,949.32,73.79,48.56,74.45,49.16
1112.04,272.27,153.11,945.76,71.83,46.00,73.04,47.25
1095.22,268.87,155.23,945.62,74.74,48.63,73.57,49.94
1100.50,271.80,157.46,946.13,73.48,47.52,72.32,47.80
1093.69,272.92,154.17,953.01,75.87,48.40,74.14,47.41
1124.67,269.03,154.49,947.45,74.18,48.24,74.30,48.75
1112.48,272.16,153.61,945.86,74.40,47.61,72.46,49.60
1117.49,268.46,157.40,946.65,73.28,46.89,73.79,47.98
1115.18,272.14,160.35,955.31,73.29,45.45,75.52,47.47
1091.65,269.97,154.71,948.80,74.74,47.71,73.45,47.67
1091.31,272.36,157.07,943.63,73.53,46.33,73.64,49.63
1094.04,271.12,154.47,941.40,71.80,48.33,75.21,47.47
1114.47,266.30,159.61,948.18,74.79,46.02,73.07,49.96
1109.89,267.35,158.68,940.76,72.84,47.35,74.68,47.41
1115.23,267.35,159.56,943.47,74.30,46.80,73.48,48.07
1114.90,273.08,158.90,953.15,73.23,47.57,71.52,47.41
1123.61,272.24,154.12,945.86,74.93,47.21,72.66,48.79
1126.02,272.91,154.28,948.64,73.53,49.44,72.53,48.73
1068.32,271.18,154.87,949.81,75.49,48.63,73.51,49.31
1120.82,253.72,155.57,947.11,73.60,47.57,74.20,47.44
1114.97,268.23,160.90,950.18,74.11,48.59,73.67,47.78
1108.58,271.21,156.85,950.27,73.91,47.31,74.33,47.77
1166.77,270.49,160.33,950.50,74.54,48.43,73.12,48.82
1152.19,274.84,158.16,948.84,73.25,48.01,73.60,48.14
1107.40,271.71,156.19,947.59,74.32,49.54,74.59,47.15
1122.87,272.40,155.64,944.15,73.58,47.47,74.90,47.52
1120.99,270.80,156.54,948.28,74.87,48.37,74.51,46.80
1111.91,270.76,155.56,957.13,74.35,48.56,74.05,47.18
1108.48,272.78,153.81,950.80,73.19,48.30,73.86,47.74
1113.78,268.00,158.63,953.16,73.95,47.85,75.08,47.78
1113.23,272.16,156.00,957.90,74.49,46.59,73.63,48.47
1122.09,270.41,158.37,945.47,74.16,48.98,74.49,48.29
1164.76,271.31,156.29,956.36,74.39,46.69,75.02,47.75
1102.83,275.66,152.32,954.14,74.74,49.06,73.23,47.96
1097.07,269.82,155.12,956.12,73.03,48.20,74.98,49.58
1095.97,272.06,156.11,952.08,74.98,47.11,73.09,46.79
1097.52,269.48,155.06,952.06,72.73,48.32,73.14,49.37
1093.45,269.71,152.58,955.11,73.79,47.16,73.42,46.47
1089.97,273.05,153.86,946.77,73.22,47.38,73.63,48.86
1110.87,273.05,154.25,950.08,74.48,48.85,74.70,49.04
1095.75,269.26,155.91,948.28,74.43,48.59,73.92,46.67
1090.60,271.39,154.60,945.20,75.02,47.65,74.46,47.72
1095.75,271.78,152.25,956.38,73.32,47.41,74.11,46.86
1127.55,273.94,155.31,955.05,72.34,47.65,74.83,48.62
1112.00,271.42,154.96,955.32,73.69,48.60,74.64,47.78
1111.65,271.54,154.15,953.81,74.07,48.69,75.34,47.25
1100.48,268.82,155.53,957.24,75.21,49.84,74.45,49.44
1093.16,271.91,159.06,947.13,74.04,49.63,72.09,47.47
1094.45,270.70,152.86,948.02,73.95,48.32,73.83,48.78
1115.72,269.10,159.57,954.69,73.77,47.97,73.50,48.56
1123.07,270.57,155.53,956.69,73.75,47.83,72.72,47.19
1095.65,268.84,153.05,953.27,73.50,48.10,74.40,48.32
1093.57,269.90,154.75,952.40,73.22,49.38,73.04,49.06
1096.56,274.33,152.26,952.49,73.66,47.75,74.14,48.62
1115.35,272.56,154.65,949.19,74.57,47.57,72.32,47.32
1111.98,272.83,154.99,947.16,74.95,48.30,73.55,47.52
1115.45,268.36,157.74,949.64,74.23,47.83,73.58,47.74
1108.01,273.80,161.93,953.37,75.09,49.02,73.53,46.70
1108.67,269.03,158.31,952.24,73.22,46.76,72.56,48.27
1109.45,273.48,160.65,951.93,73.89,48.11,73.48,48.13
1133.41,271.02,153.21,952.14,73.45,48.16,72.57,47.39
1121.52,271.14,156.46,956.17,75.22,49.87,72.97,48.60
1109.30,272.92,157.33,958.34,75.28,48.49,72.49,48.43
1157.25,270.10,156.89,949.76,73.70,50.25,73.60,49.51
1111.91,271.26,155.22,952.78,74.99,47.09,73.01,49.22
1115.86,270.88,155.53,949.15,73.14,47.90,74.17,47.39
1134.94,273.15,155.09,948.57,73.14,48.34,73.66,48.43
1103.08,272.09,151.94,960.16,73.38,48.03,74.40,48.76
1094.84,269.02,154.93,958.55,74.05,46.93,74.01,48.00
1094.98,271.48,154.24,951.02,73.12,47.03,72.44,47.22
1106.87,268.24,156.93,953.12,73.20,46.13,74.05,49.51
1112.47,274.12,157.27,949.71,74.27,46.76,73.04,46.43
1110.96,270.11,156.14,946.42,74.13,48.50,74.54,49.11
1120.55,271.21,155.16,951.98,73.20,48.40,73.66,47.62
1113.15,271.42,155.00,948.97,74.55,48.10,73.06,47.02
1116.85,269.35,154.94,949.46,73.75,47.32,74.40,48.33
1117.74,273.18,153.93,952.26,72.28,45.87,72.49,46.76
1112.55,271.58,154.59,957.38,74.46,46.54,73.35,47.58
1112.01,273.57,156.89,950.54,73.04,47.74,73.06,48.62
1114.79,270.66,157.08,949.74,74.74,48.79,72.56,47.23
1112.04,267.13,161.24,954.04,73.32,47.96,75.42,48.88
1117.48,267.33,156.66,954.43,75.20,47.28,74.04,48.29
1117.17,273.18,151.88,952.10,73.67,48.66,72.60,47.96
1094.98,268.92,152.35,952.06,74.67,47.25,74.32,47.70
1095.56,271.22,157.04,959.17,73.88,47.93,75.25,48.00
1098.52,275.28,156.16,953.61,74.71,48.32,75.47,47.61
1106.88,273.50,157.08,950.50,72.56,48.14,74.14,47.45
1115.47,270.13,154.17,954.13,74.67,46.50,74.11,47.38
1111.56,268.53,154.84,952.76,74.36,48.04,74.16,49.02
1090.30,272.22,157.12,953.31,73.57,47.81,74.64,48.00
1094.90,269.10,155.94,948.89,74.68,48.88,73.76,47.71
1096.22,270.01,156.99,946.98,73.31,46.82,73.66,46.33
1092.18,273.58,151.63,952.14,72.46,46.64,73.06,49.34
1099.93,271.06,154.69,949.52,73.88,46.77,72.59,46.34
1090.08,276.03,153.67,951.95,73.60,47.39,73.03,47.85
1122.41,271.24,156.98,949.09,73.66,47.81,72.95,49.08
1117.31,271.55,154.84,961.68,74.05,47.68,72.81,48.07
1089.61,268.77,155.48,950.41,72.51,48.34,73.73,47.09
1093.79,270.17,153.43,951.36,72.90,47.81,73.16,48.44
1093.69,268.86,157.71,957.14,74.27,48.19,73.95,46.76
1112.95,275.99,155.42,952.36,74.16,47.12,73.64,48.69
1122.91,273.04,155.50,953.31,72.65,47.51,74.61,48.26
1116.35,271.26,156.17,953.18,73.50,49.76,74.27,48.43
1111.57,272.36,154.87,949.04,73.60,48.75,73.60,48.46
1108.99,271.26,158.81,951.75,73.32,47.87,73.28,45.82
1126.76,274.87,156.35,955.97,74.83,48.13,75.93,49.68
1110.99,269.87,156.79,954.49,73.26,47.12,73.19,49.93
1134.80,267.69,158.00,956.87,73.70,48.86,74.37,49.25
1107.85,272.50,156.33,959.19,73.85,48.34,73.75,46.17
1112.57,272.78,155.51,969.56,75.39,47.48,72.95,48.52
1089.44,270.66,155.22,967.25,74.92,48.47,72.65,47.80
1099.17,270.99,156.66,968.63,73.04,46.38,73.85,47.38
1096.73,271.78,152.39,957.18,73.75,48.59,75.06,48.88
1116.66,270.62,159.41,956.79,75.11,47.71,73.19,48.79
1118.52,271.44,156.10,960.02,73.09,45.15,72.78,47.57
1112.13,266.61,157.24,960.94,73.98,48.07,73.16,48.43
1114.12,268.17,156.20,957.11,73.23,47.28,73.54,47.13
1112.66,273.99,156.93,962.70,74.21,46.36,75.14,46.28
1126.51,269.25,158.97,954.45,73.77,48.82,73.12,47.36
1109.23,270.95,155.62,942.07,74.55,47.70,73.95,47.91
1114.21,274.79,155.69,961.09,72.97,47.84,74.46,48.89
1112.42,272.99,156.63,959.14,75.55,49.80,73.39,48.01
1111.04,270.47,157.27,962.69,73.88,47.72,73.47,48.26
1117.45,272.52,156.58,958.08,73.45,48.08,74.27,49.12
1115.81,271.16,157.78,964.93,73.12,46.87,74.86,46.73
1096.28,274.51,154.68,965.13,74.11,48.49,72.71,48.85
1098.27,271.26,155.66,967.28,73.22,46.60,74.35,48.46
1098.56,270.99,154.79,958.65,74.51,47.15,73.53,46.73
1116.90,268.57,158.47,962.61,72.98,48.03,73.82,47.51
1116.73,269.77,155.04,961.09,74.55,47.39,72.98,46.83
1115.34,271.94,159.34,962.56,72.31,48.73,74.23,49.38
1119.63,272.53,157.68,960.38,73.82,47.67,72.76,47.57
1117.64,273.87,155.37,960.88,74.10,47.85,72.84,47.94
1116.32,267.27,157.45,954.82,73.41,48.30,74.08,47.47
1119.28,269.84,156.00,974.21,73.23,47.74,73.42,47.38
1090.77,269.85,156.96,968.72,73.86,46.66,72.95,46.59
1099.75,273.44,154.75,967.47,74.24,48.24,72.71,49.25
1093.61,272.92,155.50,960.38,73.96,47.51,73.72,47.67
1109.30,270.07,156.82,962.89,74.05,47.75,73.94,46.92
1112.66,268.20,157.36,955.51,74.48,47.28,73.77,47.25
1110.09,272.55,156.13,962.44,72.91,46.01,74.36,48.60
1113.30,275.87,157.17,956.38,72.53,47.42,73.96,47.91
1118.72,274.62,152.45,967.96,72.62,48.69,73.28,46.21
1101.22,268.64,156.29,970.48,73.50,48.79,73.88,46.86
1099.71,272.29,158.68,961.55,74.46,48.21,73.47,49.24
1097.89,269.62,154.79,960.02,74.21,50.01,73.16,49.38
1097.66,271.38,151.95,969.89,73.91,49.99,74.89,49.51
1095.18,274.26,154.85,966.92,76.19,47.21,74.96,47.03
1098.86,276.00,158.21,958.57,73.92,47.85,74.55,49.31
1121.49,274.25,158.21,960.64,73.64,48.69,75.50,47.64
1110.37,269.84,156.67,954.72,75.27,46.40,72.37,48.07
1113.95,273.90,155.79,961.94,75.25,48.27,72.82,47.23
1114.09,269.36,161.62,962.67,73.51,46.83,75.56,46.77
